2026-05-05 12:55:53,651 INFO [django.utils.autoreload] Watching for file changes with StatReloader
2026-05-05 12:55:54,821 INFO [django.server] "GET /admin-portal/grading/templates/6/builder/ HTTP/1.1" 200 90897
2026-05-05 12:56:13,338 INFO [django.server] "GET /admin-portal/grading/components/9/edit/?next=%2Fadmin-portal%2Fgrading%2Ftemplates%2F6%2Fbuilder%2F HTTP/1.1" 200 55319
2026-05-05 12:56:19,076 INFO [django.utils.autoreload] D:\edugradespro\apps\admin_portal\data_reset.py changed, reloading.
2026-05-05 12:56:19,785 INFO [django.utils.autoreload] Watching for file changes with StatReloader
2026-05-05 12:56:29,627 INFO [django.utils.autoreload] D:\edugradespro\apps\admin_portal\views.py changed, reloading.
2026-05-05 12:56:30,887 INFO [django.utils.autoreload] Watching for file changes with StatReloader
2026-05-05 12:57:20,241 INFO [django.server] "GET /admin-portal/grading/components/?template_id=6&period_id=10 HTTP/1.1" 200 48743
2026-05-05 12:57:21,598 INFO [django.server] "GET /admin-portal/grading/components/create/?template_id=6&period_id=10&next=%2Fadmin-portal%2Fgrading%2Fcomponents%2F%3Ftemplate_id%3D6%26period_id%3D10 HTTP/1.1" 200 55328
2026-05-05 12:58:38,994 INFO [django.utils.autoreload] D:\edugradespro\apps\admin_portal\api_views.py changed, reloading.
2026-05-05 12:58:39,851 INFO [django.utils.autoreload] Watching for file changes with StatReloader
2026-05-05 13:03:09,084 INFO [django.server] "GET /admin-portal/grading/components/create/?template_id=6&period_id=10&next=%2Fadmin-portal%2Fgrading%2Fcomponents%2F%3Ftemplate_id%3D6%26period_id%3D10&scope_tenant_id=8&scope_campus_id=14 HTTP/1.1" 200 55589
2026-05-05 13:03:17,432 INFO [django.server] "GET /admin-portal/grading/templates/ HTTP/1.1" 200 51261
2026-05-05 13:03:20,902 INFO [django.server] "GET /admin-portal/grading/templates/6/builder/ HTTP/1.1" 200 91102
2026-05-05 13:03:56,833 INFO [django.server] "GET /admin-portal/grading/components/?template_id=6&period_id=9 HTTP/1.1" 200 51417
2026-05-05 13:04:05,745 INFO [django.server] "GET /admin-portal/grading/templates/6/builder/ HTTP/1.1" 200 91102
2026-05-05 13:04:58,434 INFO [django.server] "GET /admin-portal/grading/templates/ HTTP/1.1" 200 51261
2026-05-05 13:05:00,624 INFO [django.server] "GET /admin-portal/grading/templates/6/builder/ HTTP/1.1" 200 91102
2026-05-05 13:05:04,811 INFO [django.server] "GET /admin-portal/grading/templates/ HTTP/1.1" 200 51261
2026-05-05 13:05:08,486 INFO [django.server] "GET /admin-portal/grading/templates/6/builder/ HTTP/1.1" 200 91102
2026-05-05 13:08:35,544 INFO [django.server] "GET /admin-portal/grading/components/9/edit/?next=%2Fadmin-portal%2Fgrading%2Ftemplates%2F6%2Fbuilder%2F HTTP/1.1" 200 55524
2026-05-05 13:08:38,843 INFO [django.server] "GET /admin-portal/grading/subcomponents/?template_id=6&period_id=8&component_id=9 HTTP/1.1" 200 49939
2026-05-05 13:09:21,200 INFO [django.server] "GET /admin-portal/grading/subcomponents/7/edit/?next=%2Fadmin-portal%2Fgrading%2Fsubcomponents%2F%3Ftemplate_id%3D6%26period_id%3D8%26component_id%3D9 HTTP/1.1" 200 55582
2026-05-05 13:09:24,382 INFO [django.server] "GET /admin-portal/grading/details/?template_id=6&period_id=8&component_id=9&subcomponent_id=7 HTTP/1.1" 200 48741
2026-05-05 13:09:55,766 INFO [django.server] "GET /admin-portal/grading/subcomponents/create/?template_id=6&period_id=8&component_id=9&next=%2Fadmin-portal%2Fgrading%2Ftemplates%2F6%2Fbuilder%2F HTTP/1.1" 200 55668
2026-05-05 13:09:59,011 INFO [django.server] "GET /admin-portal/grading/subcomponents/?template_id=6&period_id=8&component_id=9 HTTP/1.1" 200 49939
2026-05-05 13:12:24,338 INFO [django.server] "GET /admin-portal/grading/templates/ HTTP/1.1" 200 51261
2026-05-05 13:12:25,794 INFO [django.server] "GET /admin-portal/grading/templates/6/builder/ HTTP/1.1" 200 97865
2026-05-05 13:16:18,933 INFO [django.server] "GET /admin-portal/grading/subcomponents/?template_id=6&period_id=8&component_id=9 HTTP/1.1" 200 50099
2026-05-05 13:16:20,294 INFO [django.server] "GET /admin-portal/grading/components/?template_id=6&period_id=8 HTTP/1.1" 200 51407
2026-05-05 13:16:31,440 INFO [django.server] "GET /admin-portal/grading/details/?template_id=6&period_id=8&component_id=9&subcomponent_id=7 HTTP/1.1" 200 48741
2026-05-05 13:16:35,666 INFO [django.server] "GET /admin-portal/grading/subcomponents/?template_id=6&period_id=8&component_id=9 HTTP/1.1" 200 50099
2026-05-05 13:16:38,890 INFO [django.server] "GET /admin-portal/grading/components/?template_id=6&period_id=8 HTTP/1.1" 200 51407
2026-05-05 13:16:47,065 INFO [django.server] "GET /admin-portal/grading/subcomponents/create/?template_id=6&period_id=8&component_id=9&next=%2Fadmin-portal%2Fgrading%2Ftemplates%2F6%2Fbuilder%2F HTTP/1.1" 200 55668
2026-05-05 13:16:51,919 INFO [django.server] "GET /admin-portal/grading/subcomponents/?template_id=6&period_id=8&component_id=9 HTTP/1.1" 200 50099
2026-05-05 13:16:57,417 INFO [django.server] "GET /admin-portal/grading/components/?template_id=6&period_id=8 HTTP/1.1" 200 51407
2026-05-05 13:19:41,142 INFO [django.server] "GET /admin-portal/grading/subcomponents/?template_id=6&period_id=8&component_id=9 HTTP/1.1" 200 50099
2026-05-05 13:19:43,097 INFO [django.server] "GET /admin-portal/grading/details/?template_id=6&period_id=8&component_id=9&subcomponent_id=7 HTTP/1.1" 200 48919
2026-05-05 13:19:44,374 INFO [django.server] "GET /admin-portal/grading/subcomponents/?template_id=6&period_id=8&component_id=9 HTTP/1.1" 200 50099
2026-05-05 13:19:46,063 INFO [django.server] "GET /admin-portal/grading/components/?template_id=6&period_id=8 HTTP/1.1" 200 51407
2026-05-05 13:20:23,275 INFO [django.server] "GET /admin-portal/grading/templates/ HTTP/1.1" 200 51261
2026-05-05 13:20:26,570 INFO [django.server] "GET /admin-portal/grading/templates/6/builder/ HTTP/1.1" 200 97865
2026-05-05 13:20:38,785 INFO [django.server] "GET /admin-portal/grading/subcomponents/?template_id=6&period_id=8&component_id=9 HTTP/1.1" 200 50099
2026-05-05 13:20:44,491 INFO [django.server] "GET /admin-portal/grading/components/?template_id=6&period_id=8 HTTP/1.1" 200 51407
2026-05-05 13:21:00,545 INFO [django.server] "GET /admin-portal/grading/components/?template_id=6&period_id=8 HTTP/1.1" 200 51407
2026-05-05 13:21:46,400 INFO [django.server] "GET /admin-portal/grading/components/?template_id=6&period_id=10 HTTP/1.1" 200 48948
2026-05-05 13:21:56,290 INFO [django.server] "GET /admin-portal/grading/components/create/?template_id=6&period_id=10&next=%2Fadmin-portal%2Fgrading%2Fcomponents%2F%3Ftemplate_id%3D6%26period_id%3D10 HTTP/1.1" 200 55533
2026-05-05 13:22:17,029 INFO [django.server] "POST /admin-portal/grading/components/create/?template_id=6&period_id=10&next=%2Fadmin-portal%2Fgrading%2Fcomponents%2F%3Ftemplate_id%3D6%26period_id%3D10 HTTP/1.1" 302 0
2026-05-05 13:22:17,112 INFO [django.server] "GET /admin-portal/grading/components/?template_id=6&period_id=10 HTTP/1.1" 200 53568
2026-05-05 13:34:52,485 INFO [django.server] "GET /admin-portal/grading/templates/ HTTP/1.1" 200 51261
2026-05-05 13:34:53,793 INFO [django.server] "GET /admin-portal/grading/templates/6/builder/ HTTP/1.1" 200 101278
2026-05-05 13:35:05,288 INFO [django.server] "GET /admin-portal/grading/components/12/edit/?next=%2Fadmin-portal%2Fgrading%2Ftemplates%2F6%2Fbuilder%2F HTTP/1.1" 200 55524
2026-05-05 13:35:11,086 INFO [django.server] "POST /admin-portal/grading/components/12/edit/?next=%2Fadmin-portal%2Fgrading%2Ftemplates%2F6%2Fbuilder%2F HTTP/1.1" 302 0
2026-05-05 13:35:11,167 INFO [django.server] "GET /admin-portal/grading/templates/6/builder/ HTTP/1.1" 200 104718
2026-05-05 13:37:01,062 INFO [django.server] "GET /admin-portal/grading/subcomponents/?template_id=6&period_id=10&component_id=12 HTTP/1.1" 200 48697
2026-05-05 13:37:03,357 INFO [django.server] "GET /admin-portal/grading/subcomponents/create/?template_id=6&period_id=10&component_id=12&next=%2Fadmin-portal%2Fgrading%2Fsubcomponents%2F%3Ftemplate_id%3D6%26period_id%3D10%26component_id%3D12 HTTP/1.1" 200 55767
2026-05-05 13:37:26,579 INFO [django.server] "POST /admin-portal/grading/subcomponents/create/?template_id=6&period_id=10&component_id=12&next=%2Fadmin-portal%2Fgrading%2Fsubcomponents%2F%3Ftemplate_id%3D6%26period_id%3D10%26component_id%3D12 HTTP/1.1" 302 0
2026-05-05 13:37:26,668 INFO [django.server] "GET /admin-portal/grading/subcomponents/?template_id=6&period_id=10&component_id=12 HTTP/1.1" 200 52748
2026-05-05 13:37:29,281 INFO [django.server] "GET /admin-portal/grading/subcomponents/create/?template_id=6&period_id=10&component_id=12&next=%2Fadmin-portal%2Fgrading%2Fsubcomponents%2F%3Ftemplate_id%3D6%26period_id%3D10%26component_id%3D12 HTTP/1.1" 200 55767
2026-05-05 13:37:54,644 INFO [django.server] "POST /admin-portal/grading/subcomponents/create/?template_id=6&period_id=10&component_id=12&next=%2Fadmin-portal%2Fgrading%2Fsubcomponents%2F%3Ftemplate_id%3D6%26period_id%3D10%26component_id%3D12 HTTP/1.1" 302 0
2026-05-05 13:37:54,716 INFO [django.server] "GET /admin-portal/grading/subcomponents/?template_id=6&period_id=10&component_id=12 HTTP/1.1" 200 53484
2026-05-05 13:38:06,334 INFO [django.server] "GET /admin-portal/grading/components/?template_id=6&period_id=10 HTTP/1.1" 200 50131
2026-05-05 13:38:23,004 INFO [django.server] "GET /admin-portal/grading/components/?template_id=6&period_id=9&q= HTTP/1.1" 200 51516
2026-05-05 13:38:33,558 INFO [django.server] "GET /admin-portal/grading/subcomponents/?template_id=6&period_id=9&component_id=10 HTTP/1.1" 200 50115
2026-05-05 13:38:35,644 INFO [django.server] "GET /admin-portal/grading/details/?template_id=6&period_id=9&component_id=10&subcomponent_id=10 HTTP/1.1" 200 50492
2026-05-05 13:38:38,846 INFO [django.server] "GET /admin-portal/grading/subcomponents/?template_id=6&period_id=9&component_id=10 HTTP/1.1" 200 50115
2026-05-05 13:38:40,520 INFO [django.server] "GET /admin-portal/grading/subcomponents/10/edit/?next=%2Fadmin-portal%2Fgrading%2Fsubcomponents%2F%3Ftemplate_id%3D6%26period_id%3D9%26component_id%3D10 HTTP/1.1" 200 55658
2026-05-05 13:38:46,401 INFO [django.server] "POST /admin-portal/grading/subcomponents/10/edit/?next=%2Fadmin-portal%2Fgrading%2Fsubcomponents%2F%3Ftemplate_id%3D6%26period_id%3D9%26component_id%3D10 HTTP/1.1" 302 0
2026-05-05 13:38:46,476 INFO [django.server] "GET /admin-portal/grading/subcomponents/?template_id=6&period_id=9&component_id=10 HTTP/1.1" 200 53556
2026-05-05 13:38:54,303 INFO [django.server] "GET /admin-portal/grading/components/?template_id=6&period_id=9 HTTP/1.1" 200 51417
2026-05-05 13:38:57,605 INFO [django.server] "GET /admin-portal/grading/components/?template_id=6&period_id=8&q= HTTP/1.1" 200 51506
2026-05-05 13:39:02,108 INFO [django.server] "GET /admin-portal/grading/subcomponents/?template_id=6&period_id=8&component_id=9 HTTP/1.1" 200 50099
2026-05-05 13:39:05,702 INFO [django.server] "GET /admin-portal/grading/subcomponents/8/edit/?next=%2Fadmin-portal%2Fgrading%2Fsubcomponents%2F%3Ftemplate_id%3D6%26period_id%3D8%26component_id%3D9 HTTP/1.1" 200 55653
2026-05-05 13:39:11,399 INFO [django.server] "POST /admin-portal/grading/subcomponents/8/edit/?next=%2Fadmin-portal%2Fgrading%2Fsubcomponents%2F%3Ftemplate_id%3D6%26period_id%3D8%26component_id%3D9 HTTP/1.1" 302 0
2026-05-05 13:39:11,482 INFO [django.server] "GET /admin-portal/grading/subcomponents/?template_id=6&period_id=8&component_id=9 HTTP/1.1" 200 53540
2026-05-05 13:39:47,366 INFO [django.server] "GET /admin-portal/grading/components/?template_id=6&period_id=8 HTTP/1.1" 200 51407
2026-05-05 13:40:01,052 INFO [django.server] "GET /admin-portal/grading/subcomponents/?component_id=8&q= HTTP/1.1" 200 48892
2026-05-05 13:40:07,289 INFO [django.server] "GET /admin-portal/grading/components/?template_id=&period_id= HTTP/1.1" 200 55271
2026-05-05 13:40:11,102 INFO [django.server] "GET /admin-portal/grading/templates/ HTTP/1.1" 200 51261
2026-05-05 13:40:13,106 INFO [django.server] "GET /admin-portal/grading/templates/6/structure/ HTTP/1.1" 200 58872
2026-05-05 13:40:30,704 INFO [django.server] "GET /admin-portal/grading/templates/ HTTP/1.1" 200 51261
2026-05-05 13:40:33,648 INFO [django.server] "GET /admin-portal/grading/templates/6/builder/ HTTP/1.1" 200 107996
2026-05-05 13:40:44,873 INFO [django.server] "GET /admin-portal/grading/subcomponents/7/edit/?next=%2Fadmin-portal%2Fgrading%2Ftemplates%2F6%2Fbuilder%2F HTTP/1.1" 200 55554
2026-05-05 13:40:48,136 INFO [django.server] "POST /admin-portal/grading/subcomponents/7/edit/?next=%2Fadmin-portal%2Fgrading%2Ftemplates%2F6%2Fbuilder%2F HTTP/1.1" 302 0
2026-05-05 13:40:48,213 INFO [django.server] "GET /admin-portal/grading/templates/6/builder/ HTTP/1.1" 200 111436
2026-05-05 13:40:58,046 INFO [django.server] "GET /admin-portal/grading/templates/ HTTP/1.1" 200 51261
2026-05-05 13:40:59,316 INFO [django.server] "GET /admin-portal/grading/templates/6/structure/ HTTP/1.1" 200 58783
2026-05-05 13:42:05,542 INFO [django.server] "GET /admin-portal/grading/templates/ HTTP/1.1" 200 51261
2026-05-05 13:42:07,279 INFO [django.server] "GET /admin-portal/grading/templates/6/builder/ HTTP/1.1" 200 107995
2026-05-05 13:42:33,746 INFO [django.server] "GET /admin-portal/grading/templates/ HTTP/1.1" 200 51261
2026-05-05 13:42:40,179 INFO [django.server] "GET /admin-portal/grading/templates/6/structure/ HTTP/1.1" 200 58783
2026-05-05 13:42:45,796 INFO [django.server] "GET /admin-portal/grading/tenant-profiles/ HTTP/1.1" 200 48907
2026-05-05 13:42:49,551 INFO [django.server] "GET /admin-portal/grading/tenant-profiles/create/?next=%2Fadmin-portal%2Fgrading%2Ftenant-profiles%2F HTTP/1.1" 200 97731
2026-05-05 13:43:53,924 INFO [django.server] "GET /admin-portal/grading/tenant-profiles/ HTTP/1.1" 200 48907
2026-05-05 13:44:11,734 INFO [django.server] "GET /admin-portal/grading/tenant-profiles/ HTTP/1.1" 200 48907
2026-05-05 13:44:13,358 INFO [django.server] "GET /admin-portal/grading/tenant-profiles/create/?next=%2Fadmin-portal%2Fgrading%2Ftenant-profiles%2F HTTP/1.1" 200 97731
2026-05-05 13:46:19,607 INFO [django.server] "GET /admin-portal/grading/templates/ HTTP/1.1" 200 51261
2026-05-05 13:46:34,846 INFO [django.server] "GET /admin-portal/grading/tenant-profiles/ HTTP/1.1" 200 48907
2026-05-05 13:46:39,729 INFO [django.server] "GET /admin-portal/grading/tenant-profiles/create/?next=%2Fadmin-portal%2Fgrading%2Ftenant-profiles%2F HTTP/1.1" 200 97731
2026-05-05 13:46:40,862 INFO [django.server] "GET /admin-portal/grading/templates/ HTTP/1.1" 200 51261
2026-05-05 13:46:51,053 INFO [django.server] "GET /admin-portal/grading/templates/6/submit-approval/ HTTP/1.1" 200 52666
2026-05-05 13:47:22,127 INFO [django.server] "POST /admin-portal/grading/templates/6/submit-approval/ HTTP/1.1" 302 0
2026-05-05 13:47:22,202 INFO [django.server] "GET /admin-portal/grading/templates/ HTTP/1.1" 200 54705
2026-05-05 13:47:34,842 INFO [django.server] "GET /admin-portal/grading/templates/6/builder/ HTTP/1.1" 200 107995
2026-05-05 13:47:41,072 INFO [django.server] "GET /admin-portal/grading/components/create/?template_id=6&period_id=11&next=%2Fadmin-portal%2Fgrading%2Ftemplates%2F6%2Fbuilder%2F HTTP/1.1" 200 55491
2026-05-05 13:48:20,309 INFO [django.server] "POST /admin-portal/grading/components/create/?template_id=6&period_id=11&next=%2Fadmin-portal%2Fgrading%2Ftemplates%2F6%2Fbuilder%2F HTTP/1.1" 302 0
2026-05-05 13:48:20,382 INFO [django.server] "GET /admin-portal/grading/components/?template_id=6&period_id=11 HTTP/1.1" 200 53568
2026-05-05 13:48:24,216 INFO [django.server] "GET /admin-portal/grading/templates/ HTTP/1.1" 200 51261
2026-05-05 13:48:25,971 INFO [django.server] "GET /admin-portal/grading/templates/6/submit-approval/ HTTP/1.1" 200 52666
2026-05-05 13:48:57,682 INFO [django.server] "POST /admin-portal/grading/templates/6/submit-approval/ HTTP/1.1" 302 0
2026-05-05 13:48:57,772 INFO [django.server] "GET /admin-portal/grading/templates/ HTTP/1.1" 200 54686
2026-05-05 13:49:17,421 INFO [django.server] "GET /admin-portal/tools/template-governance/ HTTP/1.1" 200 94742
2026-05-05 13:49:48,237 INFO [django.server] "GET /admin-portal/grading/templates/ HTTP/1.1" 200 51224
2026-05-05 13:49:53,058 INFO [django.server] "GET /admin-portal/grading/templates/6/edit/?next=%2Fadmin-portal%2Fgrading%2Ftemplates%2F HTTP/1.1" 302 0
2026-05-05 13:49:53,137 INFO [django.server] "GET /admin-portal/grading/templates/ HTTP/1.1" 200 54712
2026-05-05 13:50:03,534 INFO [django.server] "GET /admin-portal/tools/template-governance/ HTTP/1.1" 200 94742
2026-05-05 13:50:07,013 INFO [django.server] "GET /admin-portal/grading/templates/ HTTP/1.1" 200 51224
2026-05-05 13:50:25,862 INFO [django.server] "GET /admin-portal/tools/template-governance/ HTTP/1.1" 200 94742
2026-05-05 13:51:57,271 INFO [django.server] "POST /admin-portal/tools/template-governance/ HTTP/1.1" 302 0
2026-05-05 13:51:57,378 INFO [django.server] "GET /admin-portal/tools/template-governance/ HTTP/1.1" 200 98214
2026-05-05 13:52:01,704 INFO [django.server] "GET /admin-portal/tools/template-governance/ HTTP/1.1" 200 94766
2026-05-05 13:52:05,288 INFO [django.server] "GET /admin-portal/grading/templates/ HTTP/1.1" 200 51356
2026-05-05 13:52:08,731 INFO [django.server] "GET /admin-portal/grading/templates/6/review-approval/ HTTP/1.1" 200 49016
2026-05-05 13:52:18,714 INFO [django.server] "POST /admin-portal/grading/templates/6/review-approval/ HTTP/1.1" 302 0
2026-05-05 13:52:18,802 INFO [django.server] "GET /admin-portal/grading/templates/ HTTP/1.1" 200 55068
2026-05-05 13:52:27,533 INFO [django.server] "GET /admin-portal/grading/tenant-profiles/ HTTP/1.1" 200 48907
2026-05-05 13:52:29,184 INFO [django.server] "GET /admin-portal/grading/tenant-profiles/create/?next=%2Fadmin-portal%2Fgrading%2Ftenant-profiles%2F HTTP/1.1" 200 97731
2026-05-05 13:52:33,327 INFO [django.server] "GET /admin-portal/grading/templates/ HTTP/1.1" 200 51607
2026-05-05 13:52:36,860 INFO [django.server] "POST /admin-portal/grading/templates/6/publish/ HTTP/1.1" 302 0
2026-05-05 13:52:36,943 INFO [django.server] "GET /admin-portal/grading/templates/ HTTP/1.1" 200 54721
2026-05-05 13:52:48,883 INFO [django.server] "GET /admin-portal/grading/tenant-profiles/ HTTP/1.1" 200 48907
2026-05-05 13:52:50,471 INFO [django.server] "GET /admin-portal/grading/tenant-profiles/create/?next=%2Fadmin-portal%2Fgrading%2Ftenant-profiles%2F HTTP/1.1" 200 97801
2026-05-05 14:18:15,535 INFO [django.server] "GET /admin-portal/organization/programs/ HTTP/1.1" 200 71603
2026-05-05 14:18:49,297 INFO [django.server] "GET /admin-portal/organization/programs/25/edit/?next=%2Fadmin-portal%2Forganization%2Fprograms%2F HTTP/1.1" 200 59513
2026-05-05 14:18:51,901 INFO [django.server] "POST /admin-portal/organization/programs/25/edit/?next=%2Fadmin-portal%2Forganization%2Fprograms%2F HTTP/1.1" 302 0
2026-05-05 14:18:52,013 INFO [django.server] "GET /admin-portal/organization/programs/ HTTP/1.1" 200 76113
2026-05-05 14:19:15,099 INFO [django.server] "GET /admin-portal/organization/programs/28/edit/?next=%2Fadmin-portal%2Forganization%2Fprograms%2F HTTP/1.1" 200 59520
2026-05-05 14:19:17,480 INFO [django.server] "POST /admin-portal/organization/programs/28/edit/?next=%2Fadmin-portal%2Forganization%2Fprograms%2F HTTP/1.1" 302 0
2026-05-05 14:19:17,605 INFO [django.server] "GET /admin-portal/organization/programs/ HTTP/1.1" 200 77198
2026-05-05 14:19:19,037 INFO [django.server] "GET /admin-portal/organization/programs/27/edit/?next=%2Fadmin-portal%2Forganization%2Fprograms%2F HTTP/1.1" 200 59513
2026-05-05 14:19:21,129 INFO [django.server] "POST /admin-portal/organization/programs/27/edit/?next=%2Fadmin-portal%2Forganization%2Fprograms%2F HTTP/1.1" 302 0
2026-05-05 14:19:21,287 INFO [django.server] "GET /admin-portal/organization/programs/ HTTP/1.1" 200 77940
2026-05-05 14:19:22,771 INFO [django.server] "GET /admin-portal/organization/programs/26/edit/?next=%2Fadmin-portal%2Forganization%2Fprograms%2F HTTP/1.1" 200 59513
2026-05-05 14:19:24,789 INFO [django.server] "POST /admin-portal/organization/programs/26/edit/?next=%2Fadmin-portal%2Forganization%2Fprograms%2F HTTP/1.1" 302 0
2026-05-05 14:19:24,920 INFO [django.server] "GET /admin-portal/organization/programs/ HTTP/1.1" 200 78594
2026-05-05 14:19:26,138 INFO [django.server] "GET /admin-portal/organization/programs/34/edit/?next=%2Fadmin-portal%2Forganization%2Fprograms%2F HTTP/1.1" 200 59514
2026-05-05 14:19:28,332 INFO [django.server] "POST /admin-portal/organization/programs/34/edit/?next=%2Fadmin-portal%2Forganization%2Fprograms%2F HTTP/1.1" 302 0
2026-05-05 14:19:28,456 INFO [django.server] "GET /admin-portal/organization/programs/ HTTP/1.1" 200 79246
2026-05-05 14:19:30,182 INFO [django.server] "GET /admin-portal/organization/programs/31/edit/?next=%2Fadmin-portal%2Forganization%2Fprograms%2F HTTP/1.1" 200 59507
2026-05-05 14:19:32,600 INFO [django.server] "POST /admin-portal/organization/programs/31/edit/?next=%2Fadmin-portal%2Forganization%2Fprograms%2F HTTP/1.1" 302 0
2026-05-05 14:19:32,731 INFO [django.server] "GET /admin-portal/organization/programs/ HTTP/1.1" 200 79900
2026-05-05 14:19:34,103 INFO [django.server] "GET /admin-portal/organization/programs/29/edit/?next=%2Fadmin-portal%2Forganization%2Fprograms%2F HTTP/1.1" 200 59500
2026-05-05 14:19:36,166 INFO [django.server] "POST /admin-portal/organization/programs/29/edit/?next=%2Fadmin-portal%2Forganization%2Fprograms%2F HTTP/1.1" 302 0
2026-05-05 14:19:36,298 INFO [django.server] "GET /admin-portal/organization/programs/ HTTP/1.1" 200 80554
2026-05-05 14:19:37,727 INFO [django.server] "GET /admin-portal/organization/programs/33/edit/?next=%2Fadmin-portal%2Forganization%2Fprograms%2F HTTP/1.1" 200 59538
2026-05-05 14:19:40,161 INFO [django.server] "POST /admin-portal/organization/programs/33/edit/?next=%2Fadmin-portal%2Forganization%2Fprograms%2F HTTP/1.1" 302 0
2026-05-05 14:19:40,285 INFO [django.server] "GET /admin-portal/organization/programs/ HTTP/1.1" 200 80458
2026-05-05 14:19:42,420 INFO [django.server] "GET /admin-portal/organization/programs/30/edit/?next=%2Fadmin-portal%2Forganization%2Fprograms%2F HTTP/1.1" 200 59506
2026-05-05 14:19:44,715 INFO [django.server] "POST /admin-portal/organization/programs/30/edit/?next=%2Fadmin-portal%2Forganization%2Fprograms%2F HTTP/1.1" 302 0
2026-05-05 14:19:44,843 INFO [django.server] "GET /admin-portal/organization/programs/ HTTP/1.1" 200 79965
2026-05-05 14:19:45,949 INFO [django.server] "GET /admin-portal/organization/programs/32/edit/?next=%2Fadmin-portal%2Forganization%2Fprograms%2F HTTP/1.1" 200 59511
2026-05-05 14:19:47,949 INFO [django.server] "POST /admin-portal/organization/programs/32/edit/?next=%2Fadmin-portal%2Forganization%2Fprograms%2F HTTP/1.1" 302 0
2026-05-05 14:19:48,077 INFO [django.server] "GET /admin-portal/organization/programs/ HTTP/1.1" 200 79513
2026-05-05 14:19:49,169 INFO [django.server] "GET /admin-portal/organization/programs/46/edit/?next=%2Fadmin-portal%2Forganization%2Fprograms%2F HTTP/1.1" 200 59504
2026-05-05 14:19:51,226 INFO [django.server] "POST /admin-portal/organization/programs/46/edit/?next=%2Fadmin-portal%2Forganization%2Fprograms%2F HTTP/1.1" 302 0
2026-05-05 14:19:51,361 INFO [django.server] "GET /admin-portal/organization/programs/ HTTP/1.1" 200 78772
2026-05-05 14:20:07,376 INFO [django.server] "GET /admin-portal/organization/programs/46/edit/?next=%2Fadmin-portal%2Forganization%2Fprograms%2F HTTP/1.1" 200 59496
2026-05-05 14:20:11,776 INFO [django.server] "POST /admin-portal/organization/programs/46/edit/?next=%2Fadmin-portal%2Forganization%2Fprograms%2F HTTP/1.1" 302 0
2026-05-05 14:20:11,890 INFO [django.server] "GET /admin-portal/organization/programs/ HTTP/1.1" 200 79513
2026-05-05 14:20:17,044 INFO [django.server] "GET /admin-portal/organization/programs/?inactive_page=2 HTTP/1.1" 200 57283
2026-05-05 14:20:33,853 INFO [django.server] "GET /admin-portal/grading/tenant-profiles/ HTTP/1.1" 200 48907
2026-05-05 14:20:35,697 INFO [django.server] "GET /admin-portal/grading/tenant-profiles/create/?next=%2Fadmin-portal%2Fgrading%2Ftenant-profiles%2F HTTP/1.1" 200 97074
2026-05-05 14:21:29,904 INFO [django.server] "GET /admin-portal/grading/templates/ HTTP/1.1" 200 51259
2026-05-05 14:21:32,675 INFO [django.server] "GET /admin-portal/grading/templates/6/edit/?next=%2Fadmin-portal%2Fgrading%2Ftemplates%2F HTTP/1.1" 200 57818
2026-05-05 14:21:42,059 INFO [django.server] "POST /admin-portal/grading/templates/6/edit/?next=%2Fadmin-portal%2Fgrading%2Ftemplates%2F HTTP/1.1" 302 0
2026-05-05 14:21:42,135 INFO [django.server] "GET /admin-portal/grading/templates/ HTTP/1.1" 200 54785
2026-05-05 14:21:53,987 INFO [django.server] "GET /admin-portal/grading/tenant-profiles/ HTTP/1.1" 200 48907
2026-05-05 14:21:55,856 INFO [django.server] "GET /admin-portal/grading/tenant-profiles/create/?next=%2Fadmin-portal%2Fgrading%2Ftenant-profiles%2F HTTP/1.1" 200 97074
2026-05-05 14:22:33,006 INFO [django.server] "GET /admin-portal/grading/templates/ HTTP/1.1" 200 51267
2026-05-05 14:22:38,881 INFO [django.server] "GET /admin-portal/grading/templates/6/edit/?next=%2Fadmin-portal%2Fgrading%2Ftemplates%2F HTTP/1.1" 200 57834
2026-05-05 14:23:20,692 INFO [django.server] "POST /admin-portal/grading/templates/6/edit/?next=%2Fadmin-portal%2Fgrading%2Ftemplates%2F HTTP/1.1" 302 0
2026-05-05 14:23:20,768 INFO [django.server] "GET /admin-portal/grading/templates/ HTTP/1.1" 200 54791
2026-05-05 14:23:25,307 INFO [django.server] "GET /admin-portal/grading/templates/ HTTP/1.1" 200 51273
2026-05-05 14:23:30,494 INFO [django.server] "GET /admin-portal/grading/tenant-profiles/ HTTP/1.1" 200 48907
2026-05-05 14:23:32,998 INFO [django.server] "GET /admin-portal/grading/tenant-profiles/create/?next=%2Fadmin-portal%2Fgrading%2Ftenant-profiles%2F HTTP/1.1" 200 97080
2026-05-05 14:26:26,200 INFO [django.server] "GET /admin-portal/grading/tenant-profiles/ HTTP/1.1" 200 48907
2026-05-05 14:26:59,423 INFO [django.server] "GET /admin-portal/grading/templates/ HTTP/1.1" 200 51273
2026-05-05 14:27:23,127 INFO [django.server] "GET /admin-portal/grading/tenant-profiles/ HTTP/1.1" 200 48907
2026-05-05 14:27:45,969 INFO [django.utils.autoreload] D:\edugradespro\apps\admin_portal\forms.py changed, reloading.
2026-05-05 14:27:46,856 INFO [django.utils.autoreload] Watching for file changes with StatReloader
2026-05-05 14:27:51,679 INFO [django.utils.autoreload] D:\edugradespro\apps\admin_portal\forms.py changed, reloading.
2026-05-05 14:27:52,469 INFO [django.utils.autoreload] Watching for file changes with StatReloader
2026-05-05 14:29:27,600 INFO [django.server] "GET /admin-portal/grading/tenant-profiles/ HTTP/1.1" 200 48907
2026-05-05 14:29:29,167 INFO [django.server] "GET /admin-portal/grading/tenant-profiles/create/?next=%2Fadmin-portal%2Fgrading%2Ftenant-profiles%2F HTTP/1.1" 200 99235
2026-05-05 14:31:12,162 INFO [django.utils.autoreload] D:\edugradespro\apps\admin_portal\views.py changed, reloading.
2026-05-05 14:31:12,922 INFO [django.utils.autoreload] Watching for file changes with StatReloader
2026-05-05 14:31:21,959 INFO [django.utils.autoreload] D:\edugradespro\apps\admin_portal\urls.py changed, reloading.
2026-05-05 14:31:22,738 INFO [django.utils.autoreload] Watching for file changes with StatReloader
2026-05-05 14:32:47,444 INFO [django.server] "POST /admin-portal/grading/tenant-profiles/create/?next=%2Fadmin-portal%2Fgrading%2Ftenant-profiles%2F HTTP/1.1" 302 0
2026-05-05 14:32:47,545 INFO [django.server] "GET /admin-portal/grading/tenant-profiles/ HTTP/1.1" 200 53730
2026-05-05 14:33:06,368 INFO [django.server] "GET /admin-portal/grading/templates/ HTTP/1.1" 200 51726
2026-05-05 14:34:08,183 INFO [django.utils.autoreload] D:\edugradespro\apps\admin_portal\views.py changed, reloading.
2026-05-05 14:34:08,985 INFO [django.utils.autoreload] Watching for file changes with StatReloader
2026-05-05 14:34:36,986 INFO [django.server] "POST /admin-portal/grading/templates/6/duplicate/ HTTP/1.1" 302 0
2026-05-05 14:34:37,095 INFO [django.server] "GET /admin-portal/grading/templates/7/builder/ HTTP/1.1" 200 115022
2026-05-05 14:34:39,519 INFO [django.server] "GET /admin-portal/grading/templates/ HTTP/1.1" 200 53903
2026-05-05 14:34:44,028 INFO [django.server] "GET /admin-portal/grading/templates/7/edit/?next=%2Fadmin-portal%2Fgrading%2Ftemplates%2F HTTP/1.1" 200 57858
2026-05-05 14:35:10,180 INFO [django.server] "POST /admin-portal/grading/templates/7/edit/?next=%2Fadmin-portal%2Fgrading%2Ftemplates%2F HTTP/1.1" 302 0
2026-05-05 14:35:10,276 INFO [django.server] "GET /admin-portal/grading/templates/ HTTP/1.1" 200 57324
2026-05-05 14:35:12,547 INFO [django.server] "GET /admin-portal/grading/templates/7/builder/ HTTP/1.1" 200 111466
2026-05-05 14:35:28,685 INFO [django.server] "GET /admin-portal/grading/templates/ HTTP/1.1" 200 53888
2026-05-05 14:35:32,927 INFO [django.server] "GET /admin-portal/grading/templates/6/structure/ HTTP/1.1" 200 59051
2026-05-05 14:35:40,011 INFO [django.server] "GET /admin-portal/grading/templates/ HTTP/1.1" 200 53888
2026-05-05 14:35:41,485 INFO [django.server] "GET /admin-portal/grading/templates/6/builder/ HTTP/1.1" 200 111420
2026-05-05 14:35:44,235 INFO [django.server] "GET /admin-portal/grading/periods/8/edit/?next=%2Fadmin-portal%2Fgrading%2Ftemplates%2F6%2Fbuilder%2F HTTP/1.1" 200 54179
2026-05-05 14:35:58,740 INFO [django.server] "POST /admin-portal/grading/periods/8/edit/?next=%2Fadmin-portal%2Fgrading%2Ftemplates%2F6%2Fbuilder%2F HTTP/1.1" 302 0
2026-05-05 14:35:58,817 INFO [django.server] "GET /admin-portal/grading/templates/6/builder/ HTTP/1.1" 200 94910
2026-05-05 14:36:23,949 INFO [django.server] "GET /admin-portal/grading/templates/ HTTP/1.1" 200 53835
2026-05-05 14:38:15,845 INFO [django.server] "GET /admin-portal/grading/templates/ HTTP/1.1" 200 61531
2026-05-05 14:38:23,378 INFO [django.server] "GET /admin-portal/grading/templates/?scope_tenant_id=&scope_campus_id=8 HTTP/1.1" 200 61382
2026-05-05 14:38:29,190 INFO [django.server] "GET /admin-portal/grading/templates/?scope_tenant_id=8&scope_campus_id=14 HTTP/1.1" 200 61587
2026-05-05 14:39:48,852 INFO [django.server] "GET /admin-portal/grading/templates/6/hotfix/create/?next=%2Fadmin-portal%2Fgrading%2Ftemplates%2F%3Fscope_tenant_id%3D8%26scope_campus_id%3D14 HTTP/1.1" 200 428867
2026-05-05 14:40:01,684 INFO [django.server] "GET /admin-portal/grading/templates/6/hotfix/create/?next=%2Fadmin-portal%2Fgrading%2Ftemplates%2F%3Fscope_tenant_id%3D8%26scope_campus_id%3D14 HTTP/1.1" 200 428867
2026-05-05 14:40:05,609 INFO [django.server] "POST /admin-portal/grading/templates/6/hotfix/create/?next=%2Fadmin-portal%2Fgrading%2Ftemplates%2F%3Fscope_tenant_id%3D8%26scope_campus_id%3D14 HTTP/1.1" 200 428979
2026-05-05 14:40:18,941 INFO [django.server] "POST /admin-portal/grading/templates/6/hotfix/create/?next=%2Fadmin-portal%2Fgrading%2Ftemplates%2F%3Fscope_tenant_id%3D8%26scope_campus_id%3D14 HTTP/1.1" 302 0
2026-05-05 14:40:19,021 INFO [django.server] "GET /admin-portal/grading/templates/?scope_tenant_id=8&scope_campus_id=14 HTTP/1.1" 200 65061
2026-05-05 14:40:22,509 INFO [django.server] "GET /admin-portal/grading/template-hotfixes/ HTTP/1.1" 200 48770
2026-05-05 14:40:30,097 INFO [django.server] "GET /admin-portal/grading/templates/ HTTP/1.1" 200 61531
2026-05-05 14:41:05,331 INFO [django.server] "GET /admin-portal/grading/templates/6/builder/ HTTP/1.1" 200 91475
2026-05-05 14:42:55,991 INFO [django.utils.autoreload] D:\edugradespro\apps\admin_portal\views.py changed, reloading.
2026-05-05 14:42:56,935 INFO [django.utils.autoreload] Watching for file changes with StatReloader
2026-05-05 14:42:57,832 INFO [django.server] "GET /admin-portal/grading/templates/ HTTP/1.1" 200 61531
2026-05-05 14:43:01,707 INFO [django.server] "GET /admin-portal/grading/templates/6/builder/ HTTP/1.1" 200 111420
2026-05-05 14:43:15,799 INFO [django.server] "GET /admin-portal/grading/periods/8/edit/?next=%2Fadmin-portal%2Fgrading%2Ftemplates%2F6%2Fbuilder%2F HTTP/1.1" 200 54171
2026-05-05 14:43:28,675 INFO [django.server] "GET /admin-portal/grading/periods/8/edit/?next=%2Fadmin-portal%2Fgrading%2Ftemplates%2F6%2Fbuilder%2F HTTP/1.1" 200 54171
2026-05-05 14:44:12,551 INFO [django.server] "GET /admin-portal/grading/templates/6/builder/ HTTP/1.1" 200 112178
2026-05-05 14:44:28,572 INFO [django.server] "GET /admin-portal/grading/templates/ HTTP/1.1" 200 61531
2026-05-05 14:45:00,165 INFO [django.server] "GET /admin-portal/grading/templates/6/builder/ HTTP/1.1" 200 112178
2026-05-05 14:45:02,497 INFO [django.server] "GET /admin-portal/grading/periods/8/edit/?next=%2Fadmin-portal%2Fgrading%2Ftemplates%2F6%2Fbuilder%2F HTTP/1.1" 200 54171
2026-05-05 14:45:05,028 INFO [django.server] "POST /admin-portal/grading/periods/8/edit/?next=%2Fadmin-portal%2Fgrading%2Ftemplates%2F6%2Fbuilder%2F HTTP/1.1" 302 0
2026-05-05 14:45:05,115 INFO [django.server] "GET /admin-portal/grading/templates/6/builder/ HTTP/1.1" 200 115211
2026-05-05 14:45:10,429 INFO [django.server] "GET /admin-portal/grading/templates/ HTTP/1.1" 200 61584
2026-05-05 14:45:13,595 INFO [django.server] "GET /admin-portal/grading/templates/7/builder/ HTTP/1.1" 200 111822
2026-05-05 14:45:15,857 INFO [django.server] "GET /admin-portal/grading/periods/12/edit/?next=%2Fadmin-portal%2Fgrading%2Ftemplates%2F7%2Fbuilder%2F HTTP/1.1" 200 54179
2026-05-05 14:45:19,143 INFO [django.server] "POST /admin-portal/grading/periods/12/edit/?next=%2Fadmin-portal%2Fgrading%2Ftemplates%2F7%2Fbuilder%2F HTTP/1.1" 302 0
2026-05-05 14:45:19,220 INFO [django.server] "GET /admin-portal/grading/templates/7/builder/ HTTP/1.1" 200 115659
2026-05-05 14:45:30,634 INFO [django.server] "GET /admin-portal/grading/periods/13/edit/?next=%2Fadmin-portal%2Fgrading%2Ftemplates%2F7%2Fbuilder%2F HTTP/1.1" 200 54182
2026-05-05 14:45:42,210 INFO [django.server] "POST /admin-portal/grading/periods/13/edit/?next=%2Fadmin-portal%2Fgrading%2Ftemplates%2F7%2Fbuilder%2F HTTP/1.1" 302 0
2026-05-05 14:45:42,317 INFO [django.server] "GET /admin-portal/grading/templates/7/builder/ HTTP/1.1" 200 115659
2026-05-05 14:46:01,515 INFO [django.server] "GET /admin-portal/grading/periods/14/edit/?next=%2Fadmin-portal%2Fgrading%2Ftemplates%2F7%2Fbuilder%2F HTTP/1.1" 200 54188
2026-05-05 14:46:08,110 INFO [django.server] "POST /admin-portal/grading/periods/14/edit/?next=%2Fadmin-portal%2Fgrading%2Ftemplates%2F7%2Fbuilder%2F HTTP/1.1" 302 0
2026-05-05 14:46:08,187 INFO [django.server] "GET /admin-portal/grading/templates/7/builder/ HTTP/1.1" 200 115659
2026-05-05 14:46:14,851 INFO [django.server] "GET /admin-portal/grading/periods/15/edit/?next=%2Fadmin-portal%2Fgrading%2Ftemplates%2F7%2Fbuilder%2F HTTP/1.1" 200 54183
2026-05-05 14:46:21,269 INFO [django.server] "POST /admin-portal/grading/periods/15/edit/?next=%2Fadmin-portal%2Fgrading%2Ftemplates%2F7%2Fbuilder%2F HTTP/1.1" 302 0
2026-05-05 14:46:21,345 INFO [django.server] "GET /admin-portal/grading/templates/7/builder/ HTTP/1.1" 200 115659
2026-05-05 14:47:15,592 INFO [django.server] "GET /admin-portal/grading/templates/ HTTP/1.1" 200 61531
2026-05-05 14:47:22,860 INFO [django.server] "GET /admin-portal/grading/templates/7/submit-approval/ HTTP/1.1" 200 52673
2026-05-05 14:48:12,716 INFO [django.server] "POST /admin-portal/grading/templates/7/submit-approval/ HTTP/1.1" 302 0
2026-05-05 14:48:12,851 INFO [django.server] "GET /admin-portal/grading/templates/ HTTP/1.1" 200 65115
2026-05-05 14:48:19,765 INFO [django.server] "GET /admin-portal/grading/templates/7/review-approval/ HTTP/1.1" 200 49051
2026-05-05 14:48:28,841 INFO [django.server] "POST /admin-portal/grading/templates/7/review-approval/ HTTP/1.1" 302 0
2026-05-05 14:48:28,921 INFO [django.server] "GET /admin-portal/grading/templates/ HTTP/1.1" 200 65805
2026-05-05 14:48:40,607 INFO [django.server] "POST /admin-portal/grading/templates/7/publish/ HTTP/1.1" 302 0
2026-05-05 14:48:40,690 INFO [django.server] "GET /admin-portal/grading/templates/ HTTP/1.1" 200 65004
2026-05-05 14:49:05,304 INFO [django.server] "GET /admin-portal/grading/templates/7/edit/?next=%2Fadmin-portal%2Fgrading%2Ftemplates%2F HTTP/1.1" 200 57849
2026-05-05 14:49:11,983 INFO [django.server] "POST /admin-portal/grading/templates/7/edit/?next=%2Fadmin-portal%2Fgrading%2Ftemplates%2F HTTP/1.1" 302 0
2026-05-05 14:49:12,064 INFO [django.server] "GET /admin-portal/grading/templates/ HTTP/1.1" 200 65053
2026-05-05 14:50:04,895 INFO [django.utils.autoreload] D:\edugradespro\apps\admin_portal\views.py changed, reloading.
2026-05-05 14:50:05,661 INFO [django.utils.autoreload] Watching for file changes with StatReloader
2026-05-05 14:50:11,207 INFO [django.server] "GET /admin-portal/grading/templates/ HTTP/1.1" 200 61535
2026-05-05 14:50:24,351 INFO [django.server] "GET /admin-portal/grading/templates/ HTTP/1.1" 200 61535
2026-05-05 14:50:39,018 INFO [django.server] "GET /admin-portal/grading/tenant-profiles/ HTTP/1.1" 200 50288
2026-05-05 14:50:44,841 INFO [django.server] "POST /admin-portal/grading/tenant-profiles/2/duplicate/ HTTP/1.1" 302 0
2026-05-05 14:50:45,071 INFO [django.server] "GET /admin-portal/grading/tenant-profiles/3/edit/ HTTP/1.1" 200 102784
2026-05-05 14:51:41,147 INFO [django.server] "GET /admin-portal/grading/tenant-profiles/ HTTP/1.1" 200 52408
2026-05-05 14:51:43,861 INFO [django.server] "GET /admin-portal/grading/templates/ HTTP/1.1" 200 61535
2026-05-05 14:51:48,153 INFO [django.server] "GET /admin-portal/grading/templates/7/builder/ HTTP/1.1" 200 112229
2026-05-05 14:51:59,303 INFO [django.server] "GET /admin-portal/grading/components/19/edit/?next=%2Fadmin-portal%2Fgrading%2Ftemplates%2F7%2Fbuilder%2F HTTP/1.1" 200 55817
2026-05-05 14:52:07,926 INFO [django.server] "POST /admin-portal/grading/components/19/edit/?next=%2Fadmin-portal%2Fgrading%2Ftemplates%2F7%2Fbuilder%2F HTTP/1.1" 302 0
2026-05-05 14:52:08,008 INFO [django.server] "GET /admin-portal/grading/templates/7/builder/ HTTP/1.1" 200 115667
2026-05-05 14:52:14,878 INFO [django.server] "GET /admin-portal/grading/components/19/edit/?next=%2Fadmin-portal%2Fgrading%2Ftemplates%2F7%2Fbuilder%2F HTTP/1.1" 200 55809
2026-05-05 14:52:18,168 INFO [django.server] "POST /admin-portal/grading/components/19/edit/?next=%2Fadmin-portal%2Fgrading%2Ftemplates%2F7%2Fbuilder%2F HTTP/1.1" 302 0
2026-05-05 14:52:18,244 INFO [django.server] "GET /admin-portal/grading/templates/7/builder/ HTTP/1.1" 200 115667
2026-05-05 14:52:35,249 INFO [django.server] "GET /admin-portal/grading/tenant-profiles/ HTTP/1.1" 200 52408
2026-05-05 14:52:40,665 INFO [django.server] "GET /admin-portal/grading/tenant-profiles/3/edit/?next=%2Fadmin-portal%2Fgrading%2Ftenant-profiles%2F HTTP/1.1" 200 99442
2026-05-05 14:54:37,682 INFO [django.server] "GET /admin-portal/grading/templates/ HTTP/1.1" 200 61535
2026-05-05 14:54:40,915 INFO [django.server] "GET /admin-portal/grading/templates/7/builder/ HTTP/1.1" 200 112229
2026-05-05 14:54:43,916 INFO [django.server] "GET /admin-portal/grading/periods/14/edit/?next=%2Fadmin-portal%2Fgrading%2Ftemplates%2F7%2Fbuilder%2F HTTP/1.1" 200 54188
2026-05-05 14:55:04,865 INFO [django.server] "GET /admin-portal/grading/periods/15/edit/?next=%2Fadmin-portal%2Fgrading%2Ftemplates%2F7%2Fbuilder%2F HTTP/1.1" 200 54183
2026-05-05 14:57:42,097 INFO [django.server] "GET /admin-portal/grading/tenant-profiles/ HTTP/1.1" 200 52408
2026-05-05 14:57:50,271 INFO [django.server] "GET /admin-portal/grading/tenant-profiles/3/edit/?next=%2Fadmin-portal%2Fgrading%2Ftenant-profiles%2F HTTP/1.1" 200 99442
2026-05-05 14:59:17,501 INFO [django.server] "POST /admin-portal/grading/tenant-profiles/3/edit/?next=%2Fadmin-portal%2Fgrading%2Ftenant-profiles%2F HTTP/1.1" 200 99633
2026-05-05 14:59:47,614 INFO [django.server] "POST /admin-portal/grading/tenant-profiles/3/edit/?next=%2Fadmin-portal%2Fgrading%2Ftenant-profiles%2F HTTP/1.1" 302 0
2026-05-05 14:59:47,704 INFO [django.server] "GET /admin-portal/grading/tenant-profiles/ HTTP/1.1" 200 55393
2026-05-05 14:59:50,313 INFO [django.server] "GET /admin-portal/grading/tenant-profiles/2/edit/?next=%2Fadmin-portal%2Fgrading%2Ftenant-profiles%2F HTTP/1.1" 200 99432
2026-05-05 14:59:54,157 INFO [django.server] "POST /admin-portal/grading/tenant-profiles/2/edit/?next=%2Fadmin-portal%2Fgrading%2Ftenant-profiles%2F HTTP/1.1" 302 0
2026-05-05 14:59:54,247 INFO [django.server] "GET /admin-portal/grading/tenant-profiles/ HTTP/1.1" 200 55440
2026-05-05 15:03:00,311 INFO [django.server] "GET /admin-portal/grading/tenant-profiles/ HTTP/1.1" 200 54972
2026-05-05 15:04:10,956 INFO [django.server] "GET /admin-portal/grading/tenant-profiles/ HTTP/1.1" 200 55156
2026-05-05 15:04:38,568 INFO [django.server] "GET /admin-portal/grading/templates/ HTTP/1.1" 200 61535
2026-05-05 15:04:40,796 INFO [django.server] "GET /admin-portal/grading/templates/create/?next=%2Fadmin-portal%2Fgrading%2Ftemplates%2F HTTP/1.1" 200 56152
2026-05-05 15:05:20,089 INFO [django.server] "GET /admin-portal/grading/templates/ HTTP/1.1" 200 61535
2026-05-05 15:05:22,001 INFO [django.server] "GET /admin-portal/grading/templates/6/edit/?next=%2Fadmin-portal%2Fgrading%2Ftemplates%2F HTTP/1.1" 200 57840
2026-05-05 15:07:08,032 INFO [django.server] "POST /admin-portal/grading/templates/6/edit/?next=%2Fadmin-portal%2Fgrading%2Ftemplates%2F HTTP/1.1" 302 0
2026-05-05 15:07:08,114 INFO [django.server] "GET /admin-portal/grading/templates/ HTTP/1.1" 200 65123
2026-05-05 15:07:25,682 INFO [django.server] "GET /admin-portal/grading/templates/7/edit/?next=%2Fadmin-portal%2Fgrading%2Ftemplates%2F HTTP/1.1" 200 57921
2026-05-05 15:07:57,432 INFO [django.server] "POST /admin-portal/grading/templates/7/edit/?next=%2Fadmin-portal%2Fgrading%2Ftemplates%2F HTTP/1.1" 302 0
2026-05-05 15:07:57,514 INFO [django.server] "GET /admin-portal/grading/templates/ HTTP/1.1" 200 65193
2026-05-05 15:07:59,297 INFO [django.server] "GET /admin-portal/grading/templates/6/edit/?next=%2Fadmin-portal%2Fgrading%2Ftemplates%2F HTTP/1.1" 200 57984
2026-05-05 15:08:13,289 INFO [django.server] "POST /admin-portal/grading/templates/6/edit/?next=%2Fadmin-portal%2Fgrading%2Ftemplates%2F HTTP/1.1" 302 0
2026-05-05 15:08:13,371 INFO [django.server] "GET /admin-portal/grading/templates/ HTTP/1.1" 200 65193
2026-05-05 15:10:08,064 INFO [django.server] "GET /admin-portal/grading/templates/create/?next=%2Fadmin-portal%2Fgrading%2Ftemplates%2F HTTP/1.1" 200 56152
2026-05-05 15:10:46,006 INFO [django.server] "GET /admin-portal/grading/templates/ HTTP/1.1" 200 61675
2026-05-05 15:10:51,659 INFO [django.server] "GET /admin-portal/grading/templates/6/edit/?next=%2Fadmin-portal%2Fgrading%2Ftemplates%2F HTTP/1.1" 200 57974
2026-05-05 15:11:53,689 INFO [django.server] "POST /admin-portal/grading/templates/6/edit/?next=%2Fadmin-portal%2Fgrading%2Ftemplates%2F HTTP/1.1" 302 0
2026-05-05 15:11:53,768 INFO [django.server] "GET /admin-portal/grading/templates/ HTTP/1.1" 200 65133
2026-05-05 15:12:01,514 INFO [django.server] "GET /admin-portal/grading/templates/7/edit/?next=%2Fadmin-portal%2Fgrading%2Ftemplates%2F HTTP/1.1" 200 57977
2026-05-05 15:13:33,463 INFO [django.server] "POST /admin-portal/grading/templates/7/edit/?next=%2Fadmin-portal%2Fgrading%2Ftemplates%2F HTTP/1.1" 302 0
2026-05-05 15:13:33,542 INFO [django.server] "GET /admin-portal/grading/templates/ HTTP/1.1" 200 65033
2026-05-05 15:13:35,594 INFO [django.server] "GET /admin-portal/grading/templates/6/edit/?next=%2Fadmin-portal%2Fgrading%2Ftemplates%2F HTTP/1.1" 200 57954
2026-05-05 15:13:53,439 INFO [django.server] "POST /admin-portal/grading/templates/6/edit/?next=%2Fadmin-portal%2Fgrading%2Ftemplates%2F HTTP/1.1" 302 0
2026-05-05 15:13:53,531 INFO [django.server] "GET /admin-portal/grading/templates/ HTTP/1.1" 200 64989
2026-05-05 15:13:56,301 INFO [django.server] "GET /admin-portal/grading/tenant-profiles/ HTTP/1.1" 200 55182
2026-05-05 15:14:05,744 INFO [django.server] "GET /admin-portal/grading/tenant-profiles/2/edit/?next=%2Fadmin-portal%2Fgrading%2Ftenant-profiles%2F HTTP/1.1" 200 99481
2026-05-05 15:15:48,492 INFO [django.server] "POST /admin-portal/grading/tenant-profiles/2/edit/?next=%2Fadmin-portal%2Fgrading%2Ftenant-profiles%2F HTTP/1.1" 302 0
2026-05-05 15:15:48,587 INFO [django.server] "GET /admin-portal/grading/tenant-profiles/ HTTP/1.1" 200 58600
2026-05-05 15:15:53,544 INFO [django.server] "GET /admin-portal/grading/tenant-profiles/3/edit/?next=%2Fadmin-portal%2Fgrading%2Ftenant-profiles%2F HTTP/1.1" 200 99508
2026-05-05 15:16:44,482 INFO [django.server] "POST /admin-portal/grading/tenant-profiles/3/edit/?next=%2Fadmin-portal%2Fgrading%2Ftenant-profiles%2F HTTP/1.1" 302 0
2026-05-05 15:16:44,573 INFO [django.server] "GET /admin-portal/grading/tenant-profiles/ HTTP/1.1" 200 58576
2026-05-05 15:16:51,287 INFO [django.server] "GET /admin-portal/grading/templates/ HTTP/1.1" 200 61471
2026-05-05 15:17:50,465 INFO [django.server] "GET /admin-portal/grading/templates/ HTTP/1.1" 200 61471
2026-05-05 15:17:52,284 INFO [django.server] "GET /admin-portal/grading/templates/create/?next=%2Fadmin-portal%2Fgrading%2Ftemplates%2F HTTP/1.1" 200 56152
2026-05-05 15:18:42,106 INFO [django.server] "POST /admin-portal/grading/templates/create/?next=%2Fadmin-portal%2Fgrading%2Ftemplates%2F HTTP/1.1" 302 0
2026-05-05 15:18:42,196 INFO [django.server] "GET /admin-portal/grading/templates/ HTTP/1.1" 200 70142
2026-05-05 15:18:58,244 INFO [django.server] "GET /admin-portal/grading/templates/6/edit/?next=%2Fadmin-portal%2Fgrading%2Ftemplates%2F HTTP/1.1" 200 57950
2026-05-05 15:19:09,183 INFO [django.server] "POST /admin-portal/grading/templates/6/edit/?next=%2Fadmin-portal%2Fgrading%2Ftemplates%2F HTTP/1.1" 302 0
2026-05-05 15:19:09,329 INFO [django.server] "GET /admin-portal/grading/templates/ HTTP/1.1" 200 70207
2026-05-05 15:19:31,761 INFO [django.server] "GET /admin-portal/grading/templates/8/builder/ HTTP/1.1" 200 55122
2026-05-05 15:20:10,307 INFO [django.server] "GET /admin-portal/grading/periods/create/?template_id=8&next=%2Fadmin-portal%2Fgrading%2Ftemplates%2F8%2Fbuilder%2F HTTP/1.1" 200 54236
2026-05-05 15:20:44,642 INFO [django.server] "POST /admin-portal/grading/periods/create/?template_id=8&next=%2Fadmin-portal%2Fgrading%2Ftemplates%2F8%2Fbuilder%2F HTTP/1.1" 302 0
2026-05-05 15:20:44,724 INFO [django.server] "GET /admin-portal/grading/periods/?template_id=8 HTTP/1.1" 200 52311
2026-05-05 15:20:53,686 INFO [django.server] "GET /admin-portal/grading/periods/create/?template_id=8&next=%2Fadmin-portal%2Fgrading%2Fperiods%2F%3Ftemplate_id%3D8 HTTP/1.1" 200 54240
2026-05-05 15:21:02,400 INFO [django.server] "POST /admin-portal/grading/periods/create/?template_id=8&next=%2Fadmin-portal%2Fgrading%2Fperiods%2F%3Ftemplate_id%3D8 HTTP/1.1" 302 0
2026-05-05 15:21:02,464 INFO [django.server] "GET /admin-portal/grading/periods/?template_id=8 HTTP/1.1" 200 52930
2026-05-05 15:21:05,643 INFO [django.server] "GET /admin-portal/grading/periods/create/?template_id=8&next=%2Fadmin-portal%2Fgrading%2Fperiods%2F%3Ftemplate_id%3D8 HTTP/1.1" 200 54240
2026-05-05 15:21:14,906 INFO [django.server] "POST /admin-portal/grading/periods/create/?template_id=8&next=%2Fadmin-portal%2Fgrading%2Fperiods%2F%3Ftemplate_id%3D8 HTTP/1.1" 302 0
2026-05-05 15:21:14,975 INFO [django.server] "GET /admin-portal/grading/periods/?template_id=8 HTTP/1.1" 200 53553
2026-05-05 15:21:17,439 INFO [django.server] "GET /admin-portal/grading/periods/create/?template_id=8&next=%2Fadmin-portal%2Fgrading%2Fperiods%2F%3Ftemplate_id%3D8 HTTP/1.1" 200 54240
2026-05-05 15:21:26,403 INFO [django.server] "POST /admin-portal/grading/periods/create/?template_id=8&next=%2Fadmin-portal%2Fgrading%2Fperiods%2F%3Ftemplate_id%3D8 HTTP/1.1" 302 0
2026-05-05 15:21:26,467 INFO [django.server] "GET /admin-portal/grading/periods/?template_id=8 HTTP/1.1" 200 54170
2026-05-05 15:21:45,617 INFO [django.server] "GET /admin-portal/grading/periods/?template_id=6&q= HTTP/1.1" 200 50826
2026-05-05 15:21:53,455 INFO [django.server] "GET /admin-portal/grading/periods/?template_id=8&q= HTTP/1.1" 200 50834
2026-05-05 15:22:51,258 INFO [django.server] "GET /admin-portal/grading/components/?template_id=8&period_id=16 HTTP/1.1" 200 49269
2026-05-05 15:22:53,315 INFO [django.server] "GET /admin-portal/grading/components/create/?template_id=8&period_id=16&next=%2Fadmin-portal%2Fgrading%2Fcomponents%2F%3Ftemplate_id%3D8%26period_id%3D16 HTTP/1.1" 200 55563
2026-05-05 15:23:08,065 INFO [django.server] "POST /admin-portal/grading/components/create/?template_id=8&period_id=16&next=%2Fadmin-portal%2Fgrading%2Fcomponents%2F%3Ftemplate_id%3D8%26period_id%3D16 HTTP/1.1" 200 55713
2026-05-05 15:23:32,208 INFO [django.server] "POST /admin-portal/grading/components/create/?template_id=8&period_id=16&next=%2Fadmin-portal%2Fgrading%2Fcomponents%2F%3Ftemplate_id%3D8%26period_id%3D16 HTTP/1.1" 302 0
2026-05-05 15:23:32,280 INFO [django.server] "GET /admin-portal/grading/components/?template_id=8&period_id=16 HTTP/1.1" 200 53904
2026-05-05 15:23:34,752 INFO [django.server] "GET /admin-portal/grading/components/create/?template_id=8&period_id=16&next=%2Fadmin-portal%2Fgrading%2Fcomponents%2F%3Ftemplate_id%3D8%26period_id%3D16 HTTP/1.1" 200 55563
2026-05-05 15:24:08,204 INFO [django.server] "POST /admin-portal/grading/components/create/?template_id=8&period_id=16&next=%2Fadmin-portal%2Fgrading%2Fcomponents%2F%3Ftemplate_id%3D8%26period_id%3D16 HTTP/1.1" 302 0
2026-05-05 15:24:08,273 INFO [django.server] "GET /admin-portal/grading/components/?template_id=8&period_id=16 HTTP/1.1" 200 55211
2026-05-05 15:26:08,664 INFO [django.server] "GET /admin-portal/grading/subcomponents/?template_id=8&period_id=16&component_id=20 HTTP/1.1" 200 48773
2026-05-05 15:26:10,631 INFO [django.server] "GET /admin-portal/grading/subcomponents/create/?template_id=8&period_id=16&component_id=20&next=%2Fadmin-portal%2Fgrading%2Fsubcomponents%2F%3Ftemplate_id%3D8%26period_id%3D16%26component_id%3D20 HTTP/1.1" 200 55779
2026-05-05 15:26:27,373 INFO [django.server] "GET /admin-portal/grading/components/?template_id=8&period_id=16 HTTP/1.1" 200 51773
2026-05-05 15:26:33,518 INFO [django.server] "GET /admin-portal/grading/components/?template_id=6&period_id=16&q= HTTP/1.1" 200 49358
2026-05-05 15:26:38,134 INFO [django.server] "GET /admin-portal/grading/templates/ HTTP/1.1" 200 66987
2026-05-05 15:26:44,925 INFO [django.server] "GET /admin-portal/grading/templates/6/builder/ HTTP/1.1" 200 111802
2026-05-05 15:26:52,040 INFO [django.server] "GET /admin-portal/grading/subcomponents/7/edit/?next=%2Fadmin-portal%2Fgrading%2Ftemplates%2F6%2Fbuilder%2F HTTP/1.1" 200 56038
2026-05-05 15:26:57,673 INFO [django.server] "POST /admin-portal/grading/subcomponents/7/edit/?next=%2Fadmin-portal%2Fgrading%2Ftemplates%2F6%2Fbuilder%2F HTTP/1.1" 302 0
2026-05-05 15:26:57,751 INFO [django.server] "GET /admin-portal/grading/templates/6/builder/ HTTP/1.1" 200 115243
2026-05-05 15:27:04,184 INFO [django.server] "GET /admin-portal/grading/subcomponents/8/edit/?next=%2Fadmin-portal%2Fgrading%2Ftemplates%2F6%2Fbuilder%2F HTTP/1.1" 200 56059
2026-05-05 15:27:09,050 INFO [django.server] "POST /admin-portal/grading/subcomponents/8/edit/?next=%2Fadmin-portal%2Fgrading%2Ftemplates%2F6%2Fbuilder%2F HTTP/1.1" 302 0
2026-05-05 15:27:09,132 INFO [django.server] "GET /admin-portal/grading/templates/6/builder/ HTTP/1.1" 200 115243
2026-05-05 15:27:14,791 INFO [django.server] "GET /admin-portal/grading/components/8/edit/?next=%2Fadmin-portal%2Fgrading%2Ftemplates%2F6%2Fbuilder%2F HTTP/1.1" 200 56298
2026-05-05 15:27:21,112 INFO [django.server] "GET /admin-portal/grading/details/10/edit/?next=%2Fadmin-portal%2Fgrading%2Ftemplates%2F6%2Fbuilder%2F HTTP/1.1" 200 55711
2026-05-05 15:27:25,532 INFO [django.server] "POST /admin-portal/grading/details/10/edit/?next=%2Fadmin-portal%2Fgrading%2Ftemplates%2F6%2Fbuilder%2F HTTP/1.1" 302 0
2026-05-05 15:27:25,645 INFO [django.server] "GET /admin-portal/grading/templates/6/builder/ HTTP/1.1" 200 115237
2026-05-05 15:27:30,194 INFO [django.server] "GET /admin-portal/grading/details/11/edit/?next=%2Fadmin-portal%2Fgrading%2Ftemplates%2F6%2Fbuilder%2F HTTP/1.1" 200 55711
2026-05-05 15:27:34,967 INFO [django.server] "POST /admin-portal/grading/details/11/edit/?next=%2Fadmin-portal%2Fgrading%2Ftemplates%2F6%2Fbuilder%2F HTTP/1.1" 302 0
2026-05-05 15:27:35,059 INFO [django.server] "GET /admin-portal/grading/templates/6/builder/ HTTP/1.1" 200 115237
2026-05-05 15:27:40,175 INFO [django.server] "GET /admin-portal/grading/details/12/edit/?next=%2Fadmin-portal%2Fgrading%2Ftemplates%2F6%2Fbuilder%2F HTTP/1.1" 200 55702
2026-05-05 15:27:44,807 INFO [django.server] "POST /admin-portal/grading/details/12/edit/?next=%2Fadmin-portal%2Fgrading%2Ftemplates%2F6%2Fbuilder%2F HTTP/1.1" 302 0
2026-05-05 15:27:44,888 INFO [django.server] "GET /admin-portal/grading/templates/6/builder/ HTTP/1.1" 200 115237
2026-05-05 15:28:01,883 INFO [django.server] "GET /admin-portal/grading/components/8/edit/?next=%2Fadmin-portal%2Fgrading%2Ftemplates%2F6%2Fbuilder%2F HTTP/1.1" 200 56298
2026-05-05 15:28:33,257 INFO [django.server] "GET /admin-portal/grading/components/9/edit/?next=%2Fadmin-portal%2Fgrading%2Ftemplates%2F6%2Fbuilder%2F HTTP/1.1" 200 56295
2026-05-05 15:29:03,826 INFO [django.server] "GET /admin-portal/grading/components/10/edit/?next=%2Fadmin-portal%2Fgrading%2Ftemplates%2F6%2Fbuilder%2F HTTP/1.1" 200 56295
2026-05-05 15:29:07,031 INFO [django.server] "GET /admin-portal/grading/subcomponents/9/edit/?next=%2Fadmin-portal%2Fgrading%2Ftemplates%2F6%2Fbuilder%2F HTTP/1.1" 200 56041
2026-05-05 15:29:11,235 INFO [django.server] "GET /admin-portal/grading/subcomponents/10/edit/?next=%2Fadmin-portal%2Fgrading%2Ftemplates%2F6%2Fbuilder%2F HTTP/1.1" 200 56062
2026-05-05 15:29:15,692 INFO [django.server] "POST /admin-portal/grading/subcomponents/10/edit/?next=%2Fadmin-portal%2Fgrading%2Ftemplates%2F6%2Fbuilder%2F HTTP/1.1" 302 0
2026-05-05 15:29:15,770 INFO [django.server] "GET /admin-portal/grading/templates/6/builder/ HTTP/1.1" 200 115243
2026-05-05 15:29:21,026 INFO [django.server] "GET /admin-portal/grading/details/13/edit/?next=%2Fadmin-portal%2Fgrading%2Ftemplates%2F6%2Fbuilder%2F HTTP/1.1" 200 55711
2026-05-05 15:29:25,107 INFO [django.server] "POST /admin-portal/grading/details/13/edit/?next=%2Fadmin-portal%2Fgrading%2Ftemplates%2F6%2Fbuilder%2F HTTP/1.1" 302 0
2026-05-05 15:29:25,185 INFO [django.server] "GET /admin-portal/grading/templates/6/builder/ HTTP/1.1" 200 115237
2026-05-05 15:29:28,388 INFO [django.server] "GET /admin-portal/grading/details/14/edit/?next=%2Fadmin-portal%2Fgrading%2Ftemplates%2F6%2Fbuilder%2F HTTP/1.1" 200 55711
2026-05-05 15:29:32,501 INFO [django.server] "POST /admin-portal/grading/details/14/edit/?next=%2Fadmin-portal%2Fgrading%2Ftemplates%2F6%2Fbuilder%2F HTTP/1.1" 302 0
2026-05-05 15:29:32,582 INFO [django.server] "GET /admin-portal/grading/templates/6/builder/ HTTP/1.1" 200 115237
2026-05-05 15:29:37,028 INFO [django.server] "GET /admin-portal/grading/details/15/edit/?next=%2Fadmin-portal%2Fgrading%2Ftemplates%2F6%2Fbuilder%2F HTTP/1.1" 200 55705
2026-05-05 15:29:40,532 INFO [django.server] "POST /admin-portal/grading/details/15/edit/?next=%2Fadmin-portal%2Fgrading%2Ftemplates%2F6%2Fbuilder%2F HTTP/1.1" 302 0
2026-05-05 15:29:40,612 INFO [django.server] "GET /admin-portal/grading/templates/6/builder/ HTTP/1.1" 200 115237
2026-05-05 15:29:44,810 INFO [django.server] "GET /admin-portal/grading/subcomponents/11/edit/?next=%2Fadmin-portal%2Fgrading%2Ftemplates%2F6%2Fbuilder%2F HTTP/1.1" 200 56041
2026-05-05 15:29:46,980 INFO [django.server] "POST /admin-portal/grading/subcomponents/11/edit/?next=%2Fadmin-portal%2Fgrading%2Ftemplates%2F6%2Fbuilder%2F HTTP/1.1" 302 0
2026-05-05 15:29:47,059 INFO [django.server] "GET /admin-portal/grading/templates/6/builder/ HTTP/1.1" 200 115243
2026-05-05 15:30:06,493 INFO [django.server] "GET /admin-portal/grading/subcomponents/12/edit/?next=%2Fadmin-portal%2Fgrading%2Ftemplates%2F6%2Fbuilder%2F HTTP/1.1" 200 56062
2026-05-05 15:30:08,920 INFO [django.server] "POST /admin-portal/grading/subcomponents/12/edit/?next=%2Fadmin-portal%2Fgrading%2Ftemplates%2F6%2Fbuilder%2F HTTP/1.1" 302 0
2026-05-05 15:30:08,997 INFO [django.server] "GET /admin-portal/grading/templates/6/builder/ HTTP/1.1" 200 115243
2026-05-05 15:55:57,671 INFO [django.server] "GET /admin-portal/grading/details/create/?template_id=6&period_id=10&component_id=12&subcomponent_id=12&next=%2Fadmin-portal%2Fgrading%2Ftemplates%2F6%2Fbuilder%2F HTTP/1.1" 200 55520
2026-05-05 15:56:36,237 INFO [django.server] "POST /admin-portal/grading/details/create/?template_id=6&period_id=10&component_id=12&subcomponent_id=12&next=%2Fadmin-portal%2Fgrading%2Ftemplates%2F6%2Fbuilder%2F HTTP/1.1" 302 0
2026-05-05 15:56:36,317 INFO [django.server] "GET /admin-portal/grading/details/?template_id=6&period_id=10&component_id=12&subcomponent_id=12 HTTP/1.1" 200 52822
2026-05-05 15:56:43,009 INFO [django.server] "GET /admin-portal/grading/subcomponents/?template_id=6&period_id=10&component_id=12 HTTP/1.1" 200 50079
2026-05-05 15:56:44,906 INFO [django.server] "GET /admin-portal/grading/components/?template_id=6&period_id=10 HTTP/1.1" 200 50468
2026-05-05 15:56:49,220 INFO [django.server] "GET /admin-portal/grading/templates/ HTTP/1.1" 200 66987
2026-05-05 15:56:58,395 INFO [django.server] "GET /admin-portal/grading/templates/6/builder/ HTTP/1.1" 200 113357
2026-05-05 15:57:06,598 INFO [django.server] "GET /admin-portal/grading/details/create/?template_id=6&period_id=10&component_id=12&subcomponent_id=12&next=%2Fadmin-portal%2Fgrading%2Ftemplates%2F6%2Fbuilder%2F HTTP/1.1" 200 55520
2026-05-05 15:57:30,778 INFO [django.server] "GET /admin-portal/grading/details/22/edit/?next=%2Fadmin-portal%2Fgrading%2Ftemplates%2F6%2Fbuilder%2F HTTP/1.1" 200 55699
2026-05-05 15:57:34,637 INFO [django.server] "POST /admin-portal/grading/details/22/edit/?next=%2Fadmin-portal%2Fgrading%2Ftemplates%2F6%2Fbuilder%2F HTTP/1.1" 302 0
2026-05-05 15:57:34,715 INFO [django.server] "GET /admin-portal/grading/templates/6/builder/ HTTP/1.1" 200 115237
2026-05-05 15:57:40,915 INFO [django.server] "GET /admin-portal/grading/details/create/?template_id=6&period_id=10&component_id=12&subcomponent_id=12&next=%2Fadmin-portal%2Fgrading%2Ftemplates%2F6%2Fbuilder%2F HTTP/1.1" 200 55520
2026-05-05 15:58:00,812 INFO [django.server] "POST /admin-portal/grading/details/create/?template_id=6&period_id=10&component_id=12&subcomponent_id=12&next=%2Fadmin-portal%2Fgrading%2Ftemplates%2F6%2Fbuilder%2F HTTP/1.1" 302 0
2026-05-05 15:58:00,890 INFO [django.server] "GET /admin-portal/grading/details/?template_id=6&period_id=10&component_id=12&subcomponent_id=12 HTTP/1.1" 200 53966
2026-05-05 15:58:18,210 INFO [django.server] "POST /admin-portal/maintenance/inactive/template_detail/22/delete/ HTTP/1.1" 302 0
2026-05-05 15:58:18,285 INFO [django.server] "GET /admin-portal/grading/details/ HTTP/1.1" 200 60208
2026-05-05 15:58:39,392 INFO [django.server] "GET /admin-portal/grading/templates/ HTTP/1.1" 200 66987
2026-05-05 15:58:46,619 INFO [django.server] "GET /admin-portal/grading/templates/6/builder/ HTTP/1.1" 200 113360
2026-05-05 15:58:58,295 INFO [django.server] "GET /admin-portal/grading/details/create/?template_id=6&period_id=10&component_id=12&subcomponent_id=12&next=%2Fadmin-portal%2Fgrading%2Ftemplates%2F6%2Fbuilder%2F HTTP/1.1" 200 55520
2026-05-05 15:59:16,836 INFO [django.server] "POST /admin-portal/grading/details/create/?template_id=6&period_id=10&component_id=12&subcomponent_id=12&next=%2Fadmin-portal%2Fgrading%2Ftemplates%2F6%2Fbuilder%2F HTTP/1.1" 302 0
2026-05-05 15:59:16,909 INFO [django.server] "GET /admin-portal/grading/details/?template_id=6&period_id=10&component_id=12&subcomponent_id=12 HTTP/1.1" 200 53410
2026-05-05 15:59:19,446 INFO [django.server] "GET /admin-portal/grading/details/create/?template_id=6&period_id=10&component_id=12&subcomponent_id=12&next=%2Fadmin-portal%2Fgrading%2Fdetails%2F%3Ftemplate_id%3D6%26period_id%3D10%26component_id%3D12%26subcomponent_id%3D12 HTTP/1.1" 200 55644
2026-05-05 15:59:38,783 INFO [django.server] "POST /admin-portal/grading/details/create/?template_id=6&period_id=10&component_id=12&subcomponent_id=12&next=%2Fadmin-portal%2Fgrading%2Fdetails%2F%3Ftemplate_id%3D6%26period_id%3D10%26component_id%3D12%26subcomponent_id%3D12 HTTP/1.1" 302 0
2026-05-05 15:59:38,857 INFO [django.server] "GET /admin-portal/grading/details/?template_id=6&period_id=10&component_id=12&subcomponent_id=12 HTTP/1.1" 200 53985
2026-05-05 15:59:41,266 INFO [django.server] "GET /admin-portal/grading/details/create/?template_id=6&period_id=10&component_id=12&subcomponent_id=12&next=%2Fadmin-portal%2Fgrading%2Fdetails%2F%3Ftemplate_id%3D6%26period_id%3D10%26component_id%3D12%26subcomponent_id%3D12 HTTP/1.1" 200 55644
2026-05-05 16:00:00,999 INFO [django.server] "GET /admin-portal/security/users/ HTTP/1.1" 302 0
2026-05-05 16:00:18,472 INFO [django.server] "POST /admin-portal/grading/details/create/?template_id=6&period_id=10&component_id=12&subcomponent_id=12&next=%2Fadmin-portal%2Fgrading%2Fdetails%2F%3Ftemplate_id%3D6%26period_id%3D10%26component_id%3D12%26subcomponent_id%3D12 HTTP/1.1" 302 0
2026-05-05 16:00:18,545 INFO [django.server] "GET /admin-portal/grading/details/?template_id=6&period_id=10&component_id=12&subcomponent_id=12 HTTP/1.1" 200 54576
2026-05-05 16:00:21,328 INFO [django.server] "GET /admin-portal/grading/subcomponents/?template_id=6&period_id=10&component_id=12 HTTP/1.1" 200 50079
2026-05-05 16:00:23,365 INFO [django.server] "GET /admin-portal/grading/components/?template_id=6&period_id=10 HTTP/1.1" 200 50468
2026-05-05 16:00:25,150 INFO [django.server] "GET /admin-portal/grading/subcomponents/?template_id=6&period_id=10&component_id=12 HTTP/1.1" 200 50079
2026-05-05 16:00:27,235 INFO [django.server] "GET /admin-portal/grading/details/?template_id=6&period_id=10&component_id=12&subcomponent_id=12 HTTP/1.1" 200 51141
2026-05-05 16:00:33,872 INFO [django.server] "GET /admin-portal/grading/templates/ HTTP/1.1" 200 66987
2026-05-05 16:00:40,082 INFO [django.server] "GET /admin-portal/grading/templates/6/builder/ HTTP/1.1" 200 118177
2026-05-05 16:01:13,653 INFO [django.server] "GET /admin-portal/grading/templates/ HTTP/1.1" 200 66987
2026-05-05 16:01:16,344 INFO [django.server] "GET /admin-portal/grading/templates/7/builder/ HTTP/1.1" 200 112253
2026-05-05 19:55:27,108 INFO [django.server] "GET /admin-portal/grading/templates/7/builder/ HTTP/1.1" 302 0
2026-05-05 19:55:27,161 INFO [django.server] "GET /admin-portal/login/ HTTP/1.1" 200 3801
2026-05-05 19:55:27,367 WARNING [django.server] "GET /favicon.ico HTTP/1.1" 404 67210
2026-05-05 19:55:41,753 INFO [django.server] "POST /admin-portal/login/ HTTP/1.1" 302 0
2026-05-05 19:55:42,537 INFO [django.server] "GET /admin-portal/dashboard/ HTTP/1.1" 200 61662
2026-05-05 19:55:42,757 WARNING [django.server] "GET /favicon.ico HTTP/1.1" 404 67210
2026-05-05 19:55:48,127 INFO [django.server] "GET /admin-portal/grading/templates/ HTTP/1.1" 200 66782
2026-05-05 19:56:04,727 INFO [django.server] "GET /admin-portal/grading/templates/6/builder/ HTTP/1.1" 200 117972
2026-05-05 19:59:36,730 INFO [django.server] "GET /admin-portal/grading/templates/6/builder/ HTTP/1.1" 200 118752
2026-05-05 20:00:48,892 INFO [django.server] "GET /admin-portal/grading/templates/6/builder/ HTTP/1.1" 200 118752
2026-05-05 20:02:15,797 INFO [django.server] "GET /admin-portal/grading/templates/6/builder/ HTTP/1.1" 200 120396
2026-05-05 20:02:28,520 INFO [django.server] "GET /admin-portal/grading/templates/6/builder/ HTTP/1.1" 200 120396
2026-05-05 20:03:49,432 INFO [django.server] "GET /admin-portal/grading/templates/6/builder/ HTTP/1.1" 200 120396
2026-05-05 20:05:07,713 INFO [django.server] "GET /admin-portal/grading/templates/6/builder/ HTTP/1.1" 200 120396
2026-05-05 20:15:00,314 INFO [django.server] "GET /admin-portal/ HTTP/1.1" 302 0
2026-05-05 20:15:00,910 INFO [django.server] "GET /admin-portal/dashboard/ HTTP/1.1" 200 61662
2026-05-05 20:15:01,223 INFO [django.server] "GET /media/logos/edugradepro_logo.png HTTP/1.1" 200 2211507
2026-05-05 20:15:07,572 INFO [django.server] "GET /admin-portal/grading/templates/ HTTP/1.1" 200 66782
2026-05-05 20:15:12,879 INFO [django.server] "GET /admin-portal/grading/templates/6/builder/ HTTP/1.1" 200 122899
2026-05-05 20:17:55,620 INFO [django.server] "GET /admin-portal/grading/templates/6/builder/ HTTP/1.1" 200 122899
2026-05-05 20:18:22,228 INFO [django.server] "GET /admin-portal/grading/subcomponents/?template_id=6&period_id=8&component_id=9 HTTP/1.1" 200 49929
2026-05-05 20:18:25,439 INFO [django.server] "GET /admin-portal/grading/components/?template_id=6&period_id=8 HTTP/1.1" 200 51557
2026-05-05 20:18:38,314 INFO [django.server] "GET /admin-portal/grading/subcomponents/?template_id=6&period_id=8&component_id=9 HTTP/1.1" 200 49929
2026-05-05 20:18:43,725 INFO [django.server] "GET /admin-portal/grading/details/?template_id=6&period_id=8&component_id=9&subcomponent_id=7 HTTP/1.1" 200 48714
2026-05-05 20:18:49,398 INFO [django.server] "GET /admin-portal/grading/details/create/?template_id=6&period_id=8&component_id=9&subcomponent_id=7&next=%2Fadmin-portal%2Fgrading%2Fdetails%2F%3Ftemplate_id%3D6%26period_id%3D8%26component_id%3D9%26subcomponent_id%3D7 HTTP/1.1" 200 55400
2026-05-05 20:18:53,341 INFO [django.server] "GET /admin-portal/grading/subcomponents/?template_id=6&period_id=8&component_id=9 HTTP/1.1" 200 49929
2026-05-05 20:18:55,527 INFO [django.server] "GET /admin-portal/grading/components/?template_id=6&period_id=8 HTTP/1.1" 200 51557
2026-05-05 20:19:01,703 INFO [django.server] "GET /admin-portal/grading/templates/ HTTP/1.1" 200 66782
2026-05-05 20:21:07,023 INFO [django.server] "GET /admin-portal/grading/templates/ HTTP/1.1" 200 66782
2026-05-05 20:21:08,485 INFO [django.server] "GET /admin-portal/grading/templates/ HTTP/1.1" 200 66782
2026-05-05 20:21:13,568 INFO [django.server] "GET /admin-portal/grading/templates/6/builder/ HTTP/1.1" 200 122949
2026-05-05 20:21:51,041 INFO [django.server] "GET /admin-portal/grading/components/?template_id=6&period_id=11 HTTP/1.1" 200 50262
2026-05-05 20:21:51,126 INFO [django.utils.autoreload] D:\edugradespro\apps\admin_portal\views.py changed, reloading.
2026-05-05 20:21:53,524 INFO [django.utils.autoreload] Watching for file changes with StatReloader
2026-05-05 20:21:55,597 INFO [django.server] "GET /admin-portal/grading/subcomponents/?template_id=6&period_id=11&component_id=13 HTTP/1.1" 200 48489
2026-05-05 20:25:41,763 INFO [django.server] "GET /admin-portal/grading/templates/6/builder/ HTTP/1.1" 200 122949
2026-05-05 20:25:49,255 INFO [django.server] "GET /admin-portal/grading/components/?template_id=6&period_id=8 HTTP/1.1" 200 51709
2026-05-05 20:25:53,494 INFO [django.server] "GET /admin-portal/grading/templates/6/builder/ HTTP/1.1" 200 122949
2026-05-05 20:26:04,019 INFO [django.server] "GET /admin-portal/grading/subcomponents/create/?template_id=6&period_id=9&component_id=10&next=%2Fadmin-portal%2Fgrading%2Ftemplates%2F6%2Fbuilder%2F HTTP/1.1" 200 55485
2026-05-05 20:26:10,097 INFO [django.server] "GET /admin-portal/grading/subcomponents/?template_id=6&period_id=9&component_id=10 HTTP/1.1" 200 50060
2026-05-05 20:26:17,587 INFO [django.server] "GET /admin-portal/grading/components/?template_id=6&period_id=9 HTTP/1.1" 200 51719
2026-05-05 20:26:20,779 INFO [django.server] "GET /admin-portal/grading/templates/6/builder/ HTTP/1.1" 200 122949
2026-05-05 20:26:30,683 INFO [django.server] "GET /admin-portal/grading/details/?template_id=6&period_id=8&component_id=9&subcomponent_id=7 HTTP/1.1" 200 48828
2026-05-05 20:26:34,829 INFO [django.server] "GET /admin-portal/grading/templates/6/builder/ HTTP/1.1" 200 122949
2026-05-05 20:26:38,859 INFO [django.server] "GET /admin-portal/grading/templates/ HTTP/1.1" 200 66782
2026-05-05 20:26:41,850 INFO [django.server] "GET /admin-portal/grading/templates/6/builder/ HTTP/1.1" 200 122949
2026-05-05 20:26:50,293 INFO [django.server] "GET /admin-portal/grading/templates/ HTTP/1.1" 200 66782
2026-05-05 20:26:54,390 INFO [django.server] "GET /admin-portal/grading/templates/6/structure/ HTTP/1.1" 200 60732
2026-05-05 20:27:48,575 INFO [django.server] "GET /admin-portal/grading/templates/ HTTP/1.1" 200 66782
2026-05-05 20:27:54,311 INFO [django.server] "GET /admin-portal/tools/template-governance/ HTTP/1.1" 200 94434
2026-05-05 20:29:39,443 INFO [django.server] "GET /admin-portal/grading/templates/6/structure/ HTTP/1.1" 200 60732
2026-05-05 20:34:07,470 INFO [django.server] "GET /admin-portal/grading/templates/6/structure/ HTTP/1.1" 200 65759
2026-05-05 20:38:30,612 INFO [django.server] "GET /admin-portal/grading/templates/ HTTP/1.1" 200 66782
2026-05-05 20:41:23,587 INFO [django.server] "GET /admin-portal/grading/templates/7/builder/ HTTP/1.1" 200 117025
2026-05-05 20:42:03,899 INFO [django.server] "GET /admin-portal/academics/faculty-assignments/ HTTP/1.1" 200 52734
2026-05-05 20:42:09,281 INFO [django.server] "GET /admin-portal/academics/faculty-assignments/?faculty_q=&faculty_user_id=2 HTTP/1.1" 200 67145
2026-05-05 20:42:48,722 INFO [django.server] "GET /admin-portal/academics/sections/ HTTP/1.1" 200 58014
2026-05-05 20:43:11,986 INFO [django.server] "GET /admin-portal/organization/departments/ HTTP/1.1" 200 61217
2026-05-05 20:43:15,569 INFO [django.server] "GET /admin-portal/grading/tenant-profiles/ HTTP/1.1" 200 54811
2026-05-05 20:43:43,965 INFO [django.server] "GET /admin-portal/dashboard/ HTTP/1.1" 200 61662
2026-05-05 20:44:07,345 INFO [django.server] "GET /admin-portal/academics/faculty-assignments/dashboard/ HTTP/1.1" 200 56690
2026-05-05 20:44:18,392 INFO [django.server] "GET /admin-portal/guide/ HTTP/1.1" 200 117013
2026-05-05 20:44:18,932 INFO [django.server] "GET /media/portal-img/1.png HTTP/1.1" 200 495839
2026-05-05 20:44:19,031 INFO [django.server] "GET /media/portal-img/4.png HTTP/1.1" 200 577763
2026-05-05 20:44:19,055 INFO [django.server] "GET /media/portal-img/settings_guide.png HTTP/1.1" 200 2630363
2026-05-05 20:44:19,119 INFO [django.server] "GET /media/portal-img/3.png HTTP/1.1" 200 433873
2026-05-05 20:44:19,125 INFO [django.server] "GET /media/portal-img/7.png HTTP/1.1" 200 1363028
2026-05-05 20:44:19,153 INFO [django.server] "GET /media/portal-img/6.png HTTP/1.1" 200 583828
2026-05-05 20:44:19,187 INFO [django.server] "GET /media/portal-img/grades_prediction.png HTTP/1.1" 200 2025032
2026-05-05 20:44:19,216 INFO [django.server] "GET /media/portal-img/admin_operations_checklist.png HTTP/1.1" 200 2347784
2026-05-05 20:44:19,233 INFO [django.server] "GET /media/portal-img/policies_governance_reference.png HTTP/1.1" 200 2859481
2026-05-05 20:44:48,571 INFO [django.server] "GET /admin-portal/dashboard/ HTTP/1.1" 200 61662
2026-05-05 20:44:50,038 INFO [django.server] "GET /admin-portal/academics/faculty-assignments/ HTTP/1.1" 200 52734
2026-05-05 20:44:54,401 INFO [django.server] "GET /admin-portal/academics/faculty-assignments/?faculty_q=&faculty_user_id=3 HTTP/1.1" 200 61538
2026-05-05 20:44:55,549 INFO [django.server] "GET /admin-portal/academics/faculty-assignments/?faculty_q=&faculty_user_id=3 HTTP/1.1" 200 61538
2026-05-05 20:45:01,995 INFO [django.server] "GET /admin-portal/academics/faculty-assignments/?faculty_q=&faculty_user_id=2 HTTP/1.1" 200 67145
2026-05-05 20:45:14,899 INFO [django.server] "GET /admin-portal/academics/faculty-assignments/?faculty_q=ch&faculty_user_id=2 HTTP/1.1" 200 67010
2026-05-05 20:45:17,997 INFO [django.server] "GET /admin-portal/academics/faculty-assignments/?faculty_q=chr&faculty_user_id= HTTP/1.1" 200 52819
2026-05-05 20:45:21,431 INFO [django.server] "GET /admin-portal/academics/faculty-assignments/?faculty_q=&faculty_user_id= HTTP/1.1" 200 52954
2026-05-05 20:45:26,113 INFO [django.server] "GET /admin-portal/academics/faculty-assignments/?faculty_q=ch&faculty_user_id= HTTP/1.1" 200 52817
2026-05-05 20:45:31,597 INFO [django.server] "GET /admin-portal/academics/faculty-assignments/?faculty_q=ch&faculty_user_id=3 HTTP/1.1" 200 61411
2026-05-05 20:45:32,460 INFO [django.server] "GET /admin-portal/academics/faculty-assignments/?faculty_q=ch&faculty_user_id=3 HTTP/1.1" 200 61411
2026-05-05 20:46:35,642 INFO [django.server] "GET /admin-portal/dashboard/ HTTP/1.1" 200 61662
2026-05-05 20:47:00,420 INFO [django.server] "GET /admin-portal/academics/faculty-assignments/ HTTP/1.1" 200 52734
2026-05-05 20:47:04,186 INFO [django.server] "GET /admin-portal/academics/faculty-assignments/?faculty_q=&faculty_user_id=2 HTTP/1.1" 200 67145
2026-05-05 20:47:05,352 INFO [django.server] "GET /admin-portal/academics/faculty-assignments/?faculty_q=&faculty_user_id=2 HTTP/1.1" 200 67145
2026-05-05 20:47:30,961 INFO [django.server] "GET /admin-portal/grading/templates/ HTTP/1.1" 200 68150
2026-05-05 20:52:40,482 INFO [django.server] "GET /admin-portal/academics/faculty-assignments/ HTTP/1.1" 200 52734
2026-05-05 20:52:45,757 INFO [django.server] "GET /admin-portal/academics/faculty-assignments/?faculty_q=&faculty_user_id=2 HTTP/1.1" 200 67145
2026-05-05 20:56:58,907 INFO [django.server] "GET /admin-portal/grading/templates/ HTTP/1.1" 200 68286
2026-05-05 20:58:01,077 INFO [django.server] "GET /admin-portal/grading/templates/create/?next=%2Fadmin-portal%2Fgrading%2Ftemplates%2F HTTP/1.1" 200 55947
2026-05-05 20:58:40,399 INFO [django.server] "GET /admin-portal/grading/templates/create/?next=%2Fadmin-portal%2Fgrading%2Ftemplates%2F HTTP/1.1" 200 55947
2026-05-05 21:00:19,681 INFO [django.server] "POST /admin-portal/grading/templates/create/?next=%2Fadmin-portal%2Fgrading%2Ftemplates%2F HTTP/1.1" 302 0
2026-05-05 21:00:20,091 INFO [django.server] "GET /admin-portal/grading/templates/ HTTP/1.1" 200 76973
2026-05-05 21:00:32,773 INFO [django.server] "GET /admin-portal/grading/templates/9/builder/ HTTP/1.1" 200 59673
2026-05-05 21:00:56,689 INFO [django.server] "GET /admin-portal/grading/periods/create/?template_id=9&next=%2Fadmin-portal%2Fgrading%2Ftemplates%2F9%2Fbuilder%2F HTTP/1.1" 200 54007
2026-05-05 21:01:18,393 INFO [django.server] "GET /admin-portal/grading/templates/ HTTP/1.1" 200 73537
2026-05-05 21:01:23,320 INFO [django.server] "GET /admin-portal/grading/templates/6/structure/ HTTP/1.1" 200 65759
2026-05-05 21:01:41,298 INFO [django.server] "GET /admin-portal/grading/templates/ HTTP/1.1" 200 73537
2026-05-05 21:01:46,834 INFO [django.server] "GET /admin-portal/grading/templates/9/builder/ HTTP/1.1" 200 59673
2026-05-05 21:01:52,918 INFO [django.server] "GET /admin-portal/grading/periods/create/?template_id=9&next=%2Fadmin-portal%2Fgrading%2Ftemplates%2F9%2Fbuilder%2F HTTP/1.1" 200 54007
2026-05-05 21:02:21,195 INFO [django.server] "POST /admin-portal/grading/periods/create/?template_id=9&next=%2Fadmin-portal%2Fgrading%2Ftemplates%2F9%2Fbuilder%2F HTTP/1.1" 302 0
2026-05-05 21:02:21,655 INFO [django.server] "GET /admin-portal/grading/periods/?template_id=9 HTTP/1.1" 200 52232
2026-05-05 21:02:30,550 INFO [django.server] "GET /admin-portal/grading/periods/create/?template_id=9&next=%2Fadmin-portal%2Fgrading%2Fperiods%2F%3Ftemplate_id%3D9 HTTP/1.1" 200 54011
2026-05-05 21:02:39,970 INFO [django.server] "POST /admin-portal/grading/periods/create/?template_id=9&next=%2Fadmin-portal%2Fgrading%2Fperiods%2F%3Ftemplate_id%3D9 HTTP/1.1" 302 0
2026-05-05 21:02:40,328 INFO [django.server] "GET /admin-portal/grading/periods/?template_id=9 HTTP/1.1" 200 52852
2026-05-05 21:02:43,159 INFO [django.server] "GET /admin-portal/grading/periods/create/?template_id=9&next=%2Fadmin-portal%2Fgrading%2Fperiods%2F%3Ftemplate_id%3D9 HTTP/1.1" 200 54011
2026-05-05 21:02:55,619 INFO [django.server] "POST /admin-portal/grading/periods/create/?template_id=9&next=%2Fadmin-portal%2Fgrading%2Fperiods%2F%3Ftemplate_id%3D9 HTTP/1.1" 302 0
2026-05-05 21:02:55,863 INFO [django.server] "GET /admin-portal/grading/periods/?template_id=9 HTTP/1.1" 200 53476
2026-05-05 21:03:06,076 INFO [django.server] "GET /admin-portal/grading/templates/ HTTP/1.1" 200 73786
2026-05-05 21:03:12,089 INFO [django.server] "GET /admin-portal/grading/templates/6/builder/ HTTP/1.1" 200 122949
2026-05-05 21:03:22,448 INFO [django.server] "GET /admin-portal/grading/periods/11/edit/?next=%2Fadmin-portal%2Fgrading%2Ftemplates%2F6%2Fbuilder%2F HTTP/1.1" 200 54166
2026-05-05 21:03:27,313 INFO [django.server] "GET /admin-portal/grading/templates/ HTTP/1.1" 200 73786
2026-05-05 21:03:30,489 INFO [django.server] "GET /admin-portal/grading/templates/9/builder/ HTTP/1.1" 200 64645
2026-05-05 21:03:33,468 INFO [django.server] "GET /admin-portal/grading/periods/create/?template_id=9&next=%2Fadmin-portal%2Fgrading%2Ftemplates%2F9%2Fbuilder%2F HTTP/1.1" 200 54007
2026-05-05 21:03:45,991 INFO [django.server] "POST /admin-portal/grading/periods/create/?template_id=9&next=%2Fadmin-portal%2Fgrading%2Ftemplates%2F9%2Fbuilder%2F HTTP/1.1" 302 0
2026-05-05 21:03:46,352 INFO [django.server] "GET /admin-portal/grading/periods/?template_id=9 HTTP/1.1" 200 54094
2026-05-05 21:04:11,577 INFO [django.server] "GET /admin-portal/grading/components/?template_id=9&period_id=20 HTTP/1.1" 200 49271
2026-05-05 21:04:14,323 INFO [django.server] "GET /admin-portal/grading/components/create/?template_id=9&period_id=20&next=%2Fadmin-portal%2Fgrading%2Fcomponents%2F%3Ftemplate_id%3D9%26period_id%3D20 HTTP/1.1" 200 55334
2026-05-05 21:04:35,136 INFO [django.server] "POST /admin-portal/grading/components/create/?template_id=9&period_id=20&next=%2Fadmin-portal%2Fgrading%2Fcomponents%2F%3Ftemplate_id%3D9%26period_id%3D20 HTTP/1.1" 302 0
2026-05-05 21:04:35,427 INFO [django.server] "GET /admin-portal/grading/components/?template_id=9&period_id=20 HTTP/1.1" 200 53894
2026-05-05 21:04:38,518 INFO [django.server] "GET /admin-portal/grading/components/create/?template_id=9&period_id=20&next=%2Fadmin-portal%2Fgrading%2Fcomponents%2F%3Ftemplate_id%3D9%26period_id%3D20 HTTP/1.1" 200 55334
2026-05-05 21:04:57,567 INFO [django.server] "POST /admin-portal/grading/components/create/?template_id=9&period_id=20&next=%2Fadmin-portal%2Fgrading%2Fcomponents%2F%3Ftemplate_id%3D9%26period_id%3D20 HTTP/1.1" 302 0
2026-05-05 21:04:58,019 INFO [django.server] "GET /admin-portal/grading/components/?template_id=9&period_id=20 HTTP/1.1" 200 55190
2026-05-05 21:05:00,740 INFO [django.server] "GET /admin-portal/grading/subcomponents/?template_id=9&period_id=20&component_id=22 HTTP/1.1" 200 48682
2026-05-05 21:05:10,203 INFO [django.server] "GET /admin-portal/grading/subcomponents/create/?template_id=9&period_id=20&component_id=22&next=%2Fadmin-portal%2Fgrading%2Fsubcomponents%2F%3Ftemplate_id%3D9%26period_id%3D20%26component_id%3D22 HTTP/1.1" 200 55562
2026-05-05 21:05:54,774 INFO [django.server] "POST /admin-portal/grading/subcomponents/create/?template_id=9&period_id=20&component_id=22&next=%2Fadmin-portal%2Fgrading%2Fsubcomponents%2F%3Ftemplate_id%3D9%26period_id%3D20%26component_id%3D22 HTTP/1.1" 302 0
2026-05-05 21:05:55,059 INFO [django.server] "GET /admin-portal/grading/subcomponents/?template_id=9&period_id=20&component_id=22 HTTP/1.1" 200 52739
2026-05-05 21:06:02,647 INFO [django.server] "GET /admin-portal/grading/subcomponents/create/?template_id=9&period_id=20&component_id=22&next=%2Fadmin-portal%2Fgrading%2Fsubcomponents%2F%3Ftemplate_id%3D9%26period_id%3D20%26component_id%3D22 HTTP/1.1" 200 55562
2026-05-05 21:06:41,082 INFO [django.server] "GET /admin-portal/grading/templates/9/builder/ HTTP/1.1" 200 76507
2026-05-05 21:06:46,626 INFO [django.server] "GET /admin-portal/grading/templates/ HTTP/1.1" 200 73835
2026-05-05 21:06:52,223 INFO [django.server] "GET /admin-portal/grading/templates/6/builder/ HTTP/1.1" 200 122949
2026-05-05 21:07:06,031 INFO [django.server] "GET /admin-portal/grading/subcomponents/8/edit/?next=%2Fadmin-portal%2Fgrading%2Ftemplates%2F6%2Fbuilder%2F HTTP/1.1" 200 55961
2026-05-05 21:07:23,683 INFO [django.server] "POST /admin-portal/grading/subcomponents/8/edit/?next=%2Fadmin-portal%2Fgrading%2Ftemplates%2F6%2Fbuilder%2F HTTP/1.1" 302 0
2026-05-05 21:07:24,241 INFO [django.server] "GET /admin-portal/grading/templates/6/builder/ HTTP/1.1" 200 126390
2026-05-05 21:07:33,867 INFO [django.server] "GET /admin-portal/grading/subcomponents/7/edit/?next=%2Fadmin-portal%2Fgrading%2Ftemplates%2F6%2Fbuilder%2F HTTP/1.1" 200 55940
2026-05-05 21:07:40,463 INFO [django.server] "POST /admin-portal/grading/subcomponents/7/edit/?next=%2Fadmin-portal%2Fgrading%2Ftemplates%2F6%2Fbuilder%2F HTTP/1.1" 302 0
2026-05-05 21:07:40,734 INFO [django.server] "GET /admin-portal/grading/templates/6/builder/ HTTP/1.1" 200 126390
2026-05-05 21:07:45,653 INFO [django.server] "GET /admin-portal/grading/subcomponents/9/edit/?next=%2Fadmin-portal%2Fgrading%2Ftemplates%2F6%2Fbuilder%2F HTTP/1.1" 200 55943
2026-05-05 21:07:54,976 INFO [django.server] "GET /admin-portal/grading/subcomponents/10/edit/?next=%2Fadmin-portal%2Fgrading%2Ftemplates%2F6%2Fbuilder%2F HTTP/1.1" 200 55964
2026-05-05 21:08:02,936 INFO [django.server] "GET /admin-portal/grading/templates/ HTTP/1.1" 200 73835
2026-05-05 21:08:09,350 INFO [django.server] "GET /admin-portal/grading/templates/7/builder/ HTTP/1.1" 200 117025
2026-05-05 21:08:17,818 INFO [django.server] "GET /admin-portal/grading/subcomponents/15/edit/?next=%2Fadmin-portal%2Fgrading%2Ftemplates%2F7%2Fbuilder%2F HTTP/1.1" 200 55943
2026-05-05 21:08:23,894 INFO [django.server] "GET /admin-portal/grading/templates/ HTTP/1.1" 200 73835
2026-05-05 21:08:27,029 INFO [django.server] "GET /admin-portal/grading/templates/9/builder/ HTTP/1.1" 200 76507
2026-05-05 21:08:33,534 INFO [django.server] "GET /admin-portal/grading/subcomponents/19/edit/?next=%2Fadmin-portal%2Fgrading%2Ftemplates%2F9%2Fbuilder%2F HTTP/1.1" 200 55943
2026-05-05 21:08:53,583 INFO [django.server] "GET /admin-portal/grading/components/?template_id=9&period_id=20 HTTP/1.1" 200 51752
2026-05-05 21:09:01,107 INFO [django.server] "GET /admin-portal/grading/subcomponents/?template_id=9&period_id=20&component_id=22 HTTP/1.1" 200 49298
2026-05-05 21:09:19,173 INFO [django.server] "GET /admin-portal/grading/subcomponents/create/?template_id=9&period_id=20&component_id=22&next=%2Fadmin-portal%2Fgrading%2Fsubcomponents%2F%3Ftemplate_id%3D9%26period_id%3D20%26component_id%3D22 HTTP/1.1" 200 55562
2026-05-05 21:09:38,421 INFO [django.server] "POST /admin-portal/grading/subcomponents/create/?template_id=9&period_id=20&component_id=22&next=%2Fadmin-portal%2Fgrading%2Fsubcomponents%2F%3Ftemplate_id%3D9%26period_id%3D20%26component_id%3D22 HTTP/1.1" 302 0
2026-05-05 21:09:38,894 INFO [django.server] "GET /admin-portal/grading/subcomponents/?template_id=9&period_id=20&component_id=22 HTTP/1.1" 200 53481
2026-05-05 21:09:46,590 INFO [django.server] "GET /admin-portal/grading/details/?template_id=9&period_id=20&component_id=22&subcomponent_id=20 HTTP/1.1" 200 48838
2026-05-05 21:09:48,581 INFO [django.server] "GET /admin-portal/grading/details/create/?template_id=9&period_id=20&component_id=22&subcomponent_id=20&next=%2Fadmin-portal%2Fgrading%2Fdetails%2F%3Ftemplate_id%3D9%26period_id%3D20%26component_id%3D22%26subcomponent_id%3D20 HTTP/1.1" 200 55424
2026-05-05 21:10:23,284 INFO [django.server] "POST /admin-portal/grading/details/create/?template_id=9&period_id=20&component_id=22&subcomponent_id=20&next=%2Fadmin-portal%2Fgrading%2Fdetails%2F%3Ftemplate_id%3D9%26period_id%3D20%26component_id%3D22%26subcomponent_id%3D20 HTTP/1.1" 302 0
2026-05-05 21:10:23,531 INFO [django.server] "GET /admin-portal/grading/details/?template_id=9&period_id=20&component_id=22&subcomponent_id=20 HTTP/1.1" 200 52728
2026-05-05 21:10:26,782 INFO [django.server] "GET /admin-portal/grading/details/create/?template_id=9&period_id=20&component_id=22&subcomponent_id=20&next=%2Fadmin-portal%2Fgrading%2Fdetails%2F%3Ftemplate_id%3D9%26period_id%3D20%26component_id%3D22%26subcomponent_id%3D20 HTTP/1.1" 200 55424
2026-05-05 21:11:17,016 INFO [django.server] "POST /admin-portal/grading/details/create/?template_id=9&period_id=20&component_id=22&subcomponent_id=20&next=%2Fadmin-portal%2Fgrading%2Fdetails%2F%3Ftemplate_id%3D9%26period_id%3D20%26component_id%3D22%26subcomponent_id%3D20 HTTP/1.1" 302 0
2026-05-05 21:11:17,251 INFO [django.server] "GET /admin-portal/grading/details/?template_id=9&period_id=20&component_id=22&subcomponent_id=20 HTTP/1.1" 200 53317
2026-05-05 21:11:21,805 INFO [django.server] "GET /admin-portal/grading/details/create/?template_id=9&period_id=20&component_id=22&subcomponent_id=20&next=%2Fadmin-portal%2Fgrading%2Fdetails%2F%3Ftemplate_id%3D9%26period_id%3D20%26component_id%3D22%26subcomponent_id%3D20 HTTP/1.1" 200 55424
2026-05-05 21:11:37,760 INFO [django.server] "POST /admin-portal/grading/details/create/?template_id=9&period_id=20&component_id=22&subcomponent_id=20&next=%2Fadmin-portal%2Fgrading%2Fdetails%2F%3Ftemplate_id%3D9%26period_id%3D20%26component_id%3D22%26subcomponent_id%3D20 HTTP/1.1" 200 55583
2026-05-05 21:12:01,743 INFO [django.server] "POST /admin-portal/grading/details/create/?template_id=9&period_id=20&component_id=22&subcomponent_id=20&next=%2Fadmin-portal%2Fgrading%2Fdetails%2F%3Ftemplate_id%3D9%26period_id%3D20%26component_id%3D22%26subcomponent_id%3D20 HTTP/1.1" 302 0
2026-05-05 21:12:02,073 INFO [django.server] "GET /admin-portal/grading/details/?template_id=9&period_id=20&component_id=22&subcomponent_id=20 HTTP/1.1" 200 53883
2026-05-05 21:12:15,758 INFO [django.server] "GET /admin-portal/grading/subcomponents/?template_id=9&period_id=20&component_id=22 HTTP/1.1" 200 50040
2026-05-05 21:12:22,817 INFO [django.server] "GET /admin-portal/grading/templates/9/builder/ HTTP/1.1" 200 84713
2026-05-05 21:12:51,105 INFO [django.server] "GET /admin-portal/grading/subcomponents/?template_id=9&period_id=20&component_id=23 HTTP/1.1" 200 48682
2026-05-05 21:12:54,492 INFO [django.server] "GET /admin-portal/grading/subcomponents/create/?template_id=9&period_id=20&component_id=23&next=%2Fadmin-portal%2Fgrading%2Fsubcomponents%2F%3Ftemplate_id%3D9%26period_id%3D20%26component_id%3D23 HTTP/1.1" 200 55556
2026-05-05 21:13:34,937 INFO [django.server] "POST /admin-portal/grading/subcomponents/create/?template_id=9&period_id=20&component_id=23&next=%2Fadmin-portal%2Fgrading%2Fsubcomponents%2F%3Ftemplate_id%3D9%26period_id%3D20%26component_id%3D23 HTTP/1.1" 302 0
2026-05-05 21:13:35,162 INFO [django.server] "GET /admin-portal/grading/subcomponents/?template_id=9&period_id=20&component_id=23 HTTP/1.1" 200 52735
2026-05-05 21:13:38,654 INFO [django.server] "GET /admin-portal/grading/subcomponents/create/?template_id=9&period_id=20&component_id=23&next=%2Fadmin-portal%2Fgrading%2Fsubcomponents%2F%3Ftemplate_id%3D9%26period_id%3D20%26component_id%3D23 HTTP/1.1" 200 55556
2026-05-05 21:14:13,938 INFO [django.server] "POST /admin-portal/grading/subcomponents/create/?template_id=9&period_id=20&component_id=23&next=%2Fadmin-portal%2Fgrading%2Fsubcomponents%2F%3Ftemplate_id%3D9%26period_id%3D20%26component_id%3D23 HTTP/1.1" 302 0
2026-05-05 21:14:14,180 INFO [django.server] "GET /admin-portal/grading/subcomponents/?template_id=9&period_id=20&component_id=23 HTTP/1.1" 200 53464
2026-05-05 21:14:32,178 INFO [django.server] "GET /admin-portal/grading/details/?template_id=9&period_id=20&component_id=23&subcomponent_id=21 HTTP/1.1" 200 48831
2026-05-05 21:14:36,105 INFO [django.server] "GET /admin-portal/grading/details/create/?template_id=9&period_id=20&component_id=23&subcomponent_id=21&next=%2Fadmin-portal%2Fgrading%2Fdetails%2F%3Ftemplate_id%3D9%26period_id%3D20%26component_id%3D23%26subcomponent_id%3D21 HTTP/1.1" 200 55406
2026-05-05 21:14:54,818 INFO [django.server] "POST /admin-portal/grading/details/create/?template_id=9&period_id=20&component_id=23&subcomponent_id=21&next=%2Fadmin-portal%2Fgrading%2Fdetails%2F%3Ftemplate_id%3D9%26period_id%3D20%26component_id%3D23%26subcomponent_id%3D21 HTTP/1.1" 302 0
2026-05-05 21:14:54,985 INFO [django.server] "GET /admin-portal/grading/details/?template_id=9&period_id=20&component_id=23&subcomponent_id=21 HTTP/1.1" 200 52703
2026-05-05 21:14:57,792 INFO [django.server] "GET /admin-portal/grading/details/create/?template_id=9&period_id=20&component_id=23&subcomponent_id=21&next=%2Fadmin-portal%2Fgrading%2Fdetails%2F%3Ftemplate_id%3D9%26period_id%3D20%26component_id%3D23%26subcomponent_id%3D21 HTTP/1.1" 200 55406
2026-05-05 21:15:38,474 INFO [django.server] "GET /admin-portal/grading/details/30/edit/?next=%2Fadmin-portal%2Fgrading%2Fdetails%2F%3Ftemplate_id%3D9%26period_id%3D20%26component_id%3D23%26subcomponent_id%3D21 HTTP/1.1" 200 55861
2026-05-05 21:15:53,412 INFO [django.server] "GET /admin-portal/grading/templates/9/builder/ HTTP/1.1" 200 92965
2026-05-05 21:16:23,930 INFO [django.server] "GET /admin-portal/grading/details/30/edit/?next=%2Fadmin-portal%2Fgrading%2Ftemplates%2F9%2Fbuilder%2F HTTP/1.1" 200 55737
2026-05-05 21:16:30,488 INFO [django.server] "POST /admin-portal/grading/details/30/edit/?next=%2Fadmin-portal%2Fgrading%2Ftemplates%2F9%2Fbuilder%2F HTTP/1.1" 302 0
2026-05-05 21:16:30,812 INFO [django.server] "GET /admin-portal/grading/templates/9/builder/ HTTP/1.1" 200 94851
2026-05-05 21:16:43,480 INFO [django.server] "GET /admin-portal/grading/subcomponents/21/edit/?next=%2Fadmin-portal%2Fgrading%2Ftemplates%2F9%2Fbuilder%2F HTTP/1.1" 200 55949
2026-05-05 21:16:49,288 INFO [django.server] "POST /admin-portal/grading/subcomponents/21/edit/?next=%2Fadmin-portal%2Fgrading%2Ftemplates%2F9%2Fbuilder%2F HTTP/1.1" 302 0
2026-05-05 21:16:49,568 INFO [django.server] "GET /admin-portal/grading/templates/9/builder/ HTTP/1.1" 200 91443
2026-05-05 21:17:41,100 INFO [django.server] "GET /admin-portal/grading/subcomponents/22/edit/?next=%2Fadmin-portal%2Fgrading%2Ftemplates%2F9%2Fbuilder%2F HTTP/1.1" 200 55946
2026-05-05 21:17:47,879 INFO [django.server] "POST /admin-portal/grading/subcomponents/22/edit/?next=%2Fadmin-portal%2Fgrading%2Ftemplates%2F9%2Fbuilder%2F HTTP/1.1" 302 0
2026-05-05 21:17:48,318 INFO [django.server] "GET /admin-portal/grading/templates/9/builder/ HTTP/1.1" 200 88154
2026-05-05 21:36:22,079 INFO [django.server] "GET /admin-portal/grading/templates/9/builder/ HTTP/1.1" 200 84713
2026-05-05 21:36:31,504 INFO [django.server] "GET /admin-portal/grading/templates/9/builder/ HTTP/1.1" 200 84921
2026-05-05 21:37:08,884 INFO [django.server] "GET /admin-portal/grading/components/create/?template_id=9&period_id=21&next=%2Fadmin-portal%2Fgrading%2Ftemplates%2F9%2Fbuilder%2F HTTP/1.1" 200 55292
2026-05-05 21:37:34,756 INFO [django.server] "POST /admin-portal/grading/components/create/?template_id=9&period_id=21&next=%2Fadmin-portal%2Fgrading%2Ftemplates%2F9%2Fbuilder%2F HTTP/1.1" 302 0
2026-05-05 21:37:34,977 INFO [django.server] "GET /admin-portal/grading/components/?template_id=9&period_id=21 HTTP/1.1" 200 53895
2026-05-05 21:37:38,120 INFO [django.server] "GET /admin-portal/grading/components/create/?template_id=9&period_id=21&next=%2Fadmin-portal%2Fgrading%2Fcomponents%2F%3Ftemplate_id%3D9%26period_id%3D21 HTTP/1.1" 200 55336
2026-05-05 21:38:01,415 INFO [django.server] "POST /admin-portal/grading/components/create/?template_id=9&period_id=21&next=%2Fadmin-portal%2Fgrading%2Fcomponents%2F%3Ftemplate_id%3D9%26period_id%3D21 HTTP/1.1" 302 0
2026-05-05 21:38:01,660 INFO [django.server] "GET /admin-portal/grading/components/?template_id=9&period_id=21 HTTP/1.1" 200 55176
2026-05-05 21:38:04,313 INFO [django.server] "GET /admin-portal/grading/templates/9/builder/ HTTP/1.1" 200 91187
2026-05-05 21:38:17,099 INFO [django.server] "GET /admin-portal/grading/components/25/edit/?next=%2Fadmin-portal%2Fgrading%2Ftemplates%2F9%2Fbuilder%2F HTTP/1.1" 200 56429
2026-05-05 21:38:26,216 INFO [django.server] "POST /admin-portal/grading/components/25/edit/?next=%2Fadmin-portal%2Fgrading%2Ftemplates%2F9%2Fbuilder%2F HTTP/1.1" 302 0
2026-05-05 21:38:26,428 INFO [django.server] "GET /admin-portal/grading/templates/9/builder/ HTTP/1.1" 200 94643
2026-05-05 21:39:20,004 INFO [django.server] "GET /admin-portal/grading/components/24/edit/?next=%2Fadmin-portal%2Fgrading%2Ftemplates%2F9%2Fbuilder%2F HTTP/1.1" 200 56442
2026-05-05 21:39:28,459 INFO [django.server] "POST /admin-portal/grading/components/24/edit/?next=%2Fadmin-portal%2Fgrading%2Ftemplates%2F9%2Fbuilder%2F HTTP/1.1" 302 0
2026-05-05 21:39:28,704 INFO [django.server] "GET /admin-portal/grading/templates/9/builder/ HTTP/1.1" 200 94643
2026-05-05 21:40:56,163 INFO [django.server] "GET /admin-portal/grading/templates/9/builder/ HTTP/1.1" 200 91205
2026-05-05 21:41:27,233 INFO [django.server] "GET /admin-portal/grading/templates/9/builder/ HTTP/1.1" 200 91281
2026-05-05 21:41:50,403 INFO [django.server] "GET /admin-portal/grading/subcomponents/?template_id=9&period_id=21&component_id=24 HTTP/1.1" 200 48685
2026-05-05 21:41:54,605 INFO [django.server] "GET /admin-portal/grading/subcomponents/create/?template_id=9&period_id=21&component_id=24&next=%2Fadmin-portal%2Fgrading%2Fsubcomponents%2F%3Ftemplate_id%3D9%26period_id%3D21%26component_id%3D24 HTTP/1.1" 200 55564
2026-05-05 21:42:39,641 INFO [django.server] "POST /admin-portal/grading/subcomponents/create/?template_id=9&period_id=21&component_id=24&next=%2Fadmin-portal%2Fgrading%2Fsubcomponents%2F%3Ftemplate_id%3D9%26period_id%3D21%26component_id%3D24 HTTP/1.1" 302 0
2026-05-05 21:42:39,846 INFO [django.server] "GET /admin-portal/grading/subcomponents/?template_id=9&period_id=21&component_id=24 HTTP/1.1" 200 52742
2026-05-05 21:42:47,213 INFO [django.server] "GET /admin-portal/grading/subcomponents/create/?template_id=9&period_id=21&component_id=24&next=%2Fadmin-portal%2Fgrading%2Fsubcomponents%2F%3Ftemplate_id%3D9%26period_id%3D21%26component_id%3D24 HTTP/1.1" 200 55564
2026-05-05 21:43:05,702 INFO [django.server] "POST /admin-portal/grading/subcomponents/create/?template_id=9&period_id=21&component_id=24&next=%2Fadmin-portal%2Fgrading%2Fsubcomponents%2F%3Ftemplate_id%3D9%26period_id%3D21%26component_id%3D24 HTTP/1.1" 302 0
2026-05-05 21:43:05,917 INFO [django.server] "GET /admin-portal/grading/subcomponents/?template_id=9&period_id=21&component_id=24 HTTP/1.1" 200 53484
2026-05-05 21:43:11,013 INFO [django.server] "GET /admin-portal/grading/details/?template_id=9&period_id=21&component_id=24&subcomponent_id=24 HTTP/1.1" 200 48838
2026-05-05 21:43:12,994 INFO [django.server] "GET /admin-portal/grading/details/create/?template_id=9&period_id=21&component_id=24&subcomponent_id=24&next=%2Fadmin-portal%2Fgrading%2Fdetails%2F%3Ftemplate_id%3D9%26period_id%3D21%26component_id%3D24%26subcomponent_id%3D24 HTTP/1.1" 200 55425
2026-05-05 21:43:45,849 INFO [django.server] "POST /admin-portal/grading/details/create/?template_id=9&period_id=21&component_id=24&subcomponent_id=24&next=%2Fadmin-portal%2Fgrading%2Fdetails%2F%3Ftemplate_id%3D9%26period_id%3D21%26component_id%3D24%26subcomponent_id%3D24 HTTP/1.1" 302 0
2026-05-05 21:43:46,071 INFO [django.server] "GET /admin-portal/grading/details/?template_id=9&period_id=21&component_id=24&subcomponent_id=24 HTTP/1.1" 200 52728
2026-05-05 21:43:52,943 INFO [django.server] "GET /admin-portal/grading/details/create/?template_id=9&period_id=21&component_id=24&subcomponent_id=24&next=%2Fadmin-portal%2Fgrading%2Fdetails%2F%3Ftemplate_id%3D9%26period_id%3D21%26component_id%3D24%26subcomponent_id%3D24 HTTP/1.1" 200 55425
2026-05-05 21:44:20,233 INFO [django.server] "POST /admin-portal/grading/details/create/?template_id=9&period_id=21&component_id=24&subcomponent_id=24&next=%2Fadmin-portal%2Fgrading%2Fdetails%2F%3Ftemplate_id%3D9%26period_id%3D21%26component_id%3D24%26subcomponent_id%3D24 HTTP/1.1" 302 0
2026-05-05 21:44:20,478 INFO [django.server] "GET /admin-portal/grading/details/?template_id=9&period_id=21&component_id=24&subcomponent_id=24 HTTP/1.1" 200 53315
2026-05-05 21:44:31,398 INFO [django.server] "GET /admin-portal/grading/details/create/?template_id=9&period_id=21&component_id=24&subcomponent_id=24&next=%2Fadmin-portal%2Fgrading%2Fdetails%2F%3Ftemplate_id%3D9%26period_id%3D21%26component_id%3D24%26subcomponent_id%3D24 HTTP/1.1" 200 55425
2026-05-05 21:45:03,605 INFO [django.server] "POST /admin-portal/grading/details/create/?template_id=9&period_id=21&component_id=24&subcomponent_id=24&next=%2Fadmin-portal%2Fgrading%2Fdetails%2F%3Ftemplate_id%3D9%26period_id%3D21%26component_id%3D24%26subcomponent_id%3D24 HTTP/1.1" 302 0
2026-05-05 21:45:03,823 INFO [django.server] "GET /admin-portal/grading/details/?template_id=9&period_id=21&component_id=24&subcomponent_id=24 HTTP/1.1" 200 53896
2026-05-05 21:45:06,905 INFO [django.server] "GET /admin-portal/grading/templates/9/builder/ HTTP/1.1" 200 102537
2026-05-05 21:46:27,179 INFO [django.server] "GET /admin-portal/grading/components/?template_id=9&period_id=22 HTTP/1.1" 200 49271
2026-05-05 21:46:28,944 INFO [django.server] "GET /admin-portal/grading/components/create/?template_id=9&period_id=22&next=%2Fadmin-portal%2Fgrading%2Fcomponents%2F%3Ftemplate_id%3D9%26period_id%3D22 HTTP/1.1" 200 55340
2026-05-05 21:46:41,631 INFO [django.server] "POST /admin-portal/grading/components/create/?template_id=9&period_id=22&next=%2Fadmin-portal%2Fgrading%2Fcomponents%2F%3Ftemplate_id%3D9%26period_id%3D22 HTTP/1.1" 302 0
2026-05-05 21:46:41,912 INFO [django.server] "GET /admin-portal/grading/components/?template_id=9&period_id=22 HTTP/1.1" 200 53898
2026-05-05 21:46:44,319 INFO [django.server] "GET /admin-portal/grading/subcomponents/?template_id=9&period_id=22&component_id=26 HTTP/1.1" 200 48606
2026-05-05 21:46:56,736 INFO [django.server] "GET /admin-portal/grading/subcomponents/create/?template_id=9&period_id=22&component_id=26&next=%2Fadmin-portal%2Fgrading%2Fsubcomponents%2F%3Ftemplate_id%3D9%26period_id%3D22%26component_id%3D26 HTTP/1.1" 200 55568
2026-05-05 21:47:18,136 INFO [django.server] "POST /admin-portal/grading/subcomponents/create/?template_id=9&period_id=22&component_id=26&next=%2Fadmin-portal%2Fgrading%2Fsubcomponents%2F%3Ftemplate_id%3D9%26period_id%3D22%26component_id%3D26 HTTP/1.1" 302 0
2026-05-05 21:47:18,508 INFO [django.server] "GET /admin-portal/grading/subcomponents/?template_id=9&period_id=22&component_id=26 HTTP/1.1" 200 52663
2026-05-05 21:47:21,289 INFO [django.server] "GET /admin-portal/grading/subcomponents/create/?template_id=9&period_id=22&component_id=26&next=%2Fadmin-portal%2Fgrading%2Fsubcomponents%2F%3Ftemplate_id%3D9%26period_id%3D22%26component_id%3D26 HTTP/1.1" 200 55568
2026-05-05 21:47:50,954 INFO [django.server] "POST /admin-portal/grading/subcomponents/create/?template_id=9&period_id=22&component_id=26&next=%2Fadmin-portal%2Fgrading%2Fsubcomponents%2F%3Ftemplate_id%3D9%26period_id%3D22%26component_id%3D26 HTTP/1.1" 302 0
2026-05-05 21:47:51,189 INFO [django.server] "GET /admin-portal/grading/subcomponents/?template_id=9&period_id=22&component_id=26 HTTP/1.1" 200 53405
2026-05-05 21:47:55,418 INFO [django.server] "GET /admin-portal/grading/details/?template_id=9&period_id=22&component_id=26&subcomponent_id=26 HTTP/1.1" 200 48838
2026-05-05 21:48:23,494 INFO [django.server] "GET /admin-portal/grading/details/create/?template_id=9&period_id=22&component_id=26&subcomponent_id=26&next=%2Fadmin-portal%2Fgrading%2Fdetails%2F%3Ftemplate_id%3D9%26period_id%3D22%26component_id%3D26%26subcomponent_id%3D26 HTTP/1.1" 200 55427
2026-05-05 21:48:50,551 INFO [django.server] "POST /admin-portal/grading/details/create/?template_id=9&period_id=22&component_id=26&subcomponent_id=26&next=%2Fadmin-portal%2Fgrading%2Fdetails%2F%3Ftemplate_id%3D9%26period_id%3D22%26component_id%3D26%26subcomponent_id%3D26 HTTP/1.1" 302 0
2026-05-05 21:48:50,894 INFO [django.server] "GET /admin-portal/grading/details/?template_id=9&period_id=22&component_id=26&subcomponent_id=26 HTTP/1.1" 200 52728
2026-05-05 21:48:54,223 INFO [django.server] "GET /admin-portal/grading/details/create/?template_id=9&period_id=22&component_id=26&subcomponent_id=26&next=%2Fadmin-portal%2Fgrading%2Fdetails%2F%3Ftemplate_id%3D9%26period_id%3D22%26component_id%3D26%26subcomponent_id%3D26 HTTP/1.1" 200 55427
2026-05-05 21:49:21,760 INFO [django.server] "POST /admin-portal/grading/details/create/?template_id=9&period_id=22&component_id=26&subcomponent_id=26&next=%2Fadmin-portal%2Fgrading%2Fdetails%2F%3Ftemplate_id%3D9%26period_id%3D22%26component_id%3D26%26subcomponent_id%3D26 HTTP/1.1" 302 0
2026-05-05 21:49:21,946 INFO [django.server] "GET /admin-portal/grading/details/?template_id=9&period_id=22&component_id=26&subcomponent_id=26 HTTP/1.1" 200 53317
2026-05-05 21:49:26,549 INFO [django.server] "GET /admin-portal/grading/details/create/?template_id=9&period_id=22&component_id=26&subcomponent_id=26&next=%2Fadmin-portal%2Fgrading%2Fdetails%2F%3Ftemplate_id%3D9%26period_id%3D22%26component_id%3D26%26subcomponent_id%3D26 HTTP/1.1" 200 55427
2026-05-05 21:50:06,735 INFO [django.server] "POST /admin-portal/grading/details/create/?template_id=9&period_id=22&component_id=26&subcomponent_id=26&next=%2Fadmin-portal%2Fgrading%2Fdetails%2F%3Ftemplate_id%3D9%26period_id%3D22%26component_id%3D26%26subcomponent_id%3D26 HTTP/1.1" 302 0
2026-05-05 21:50:06,948 INFO [django.server] "GET /admin-portal/grading/details/?template_id=9&period_id=22&component_id=26&subcomponent_id=26 HTTP/1.1" 200 53898
2026-05-05 21:50:13,126 INFO [django.server] "GET /admin-portal/grading/templates/9/builder/ HTTP/1.1" 200 117136
2026-05-05 21:50:36,875 INFO [django.server] "GET /admin-portal/grading/components/create/?template_id=9&period_id=23&next=%2Fadmin-portal%2Fgrading%2Ftemplates%2F9%2Fbuilder%2F HTTP/1.1" 200 55298
2026-05-05 21:50:58,374 INFO [django.server] "POST /admin-portal/grading/components/create/?template_id=9&period_id=23&next=%2Fadmin-portal%2Fgrading%2Ftemplates%2F9%2Fbuilder%2F HTTP/1.1" 302 0
2026-05-05 21:50:58,722 INFO [django.server] "GET /admin-portal/grading/components/?template_id=9&period_id=23 HTTP/1.1" 200 53889
2026-05-05 21:51:09,366 INFO [django.server] "GET /admin-portal/grading/components/?template_id=6&period_id=23&q= HTTP/1.1" 200 49408
2026-05-05 21:51:20,208 INFO [django.server] "GET /admin-portal/grading/components/?template_id=8&period_id=&q= HTTP/1.1" 200 51910
2026-05-05 21:51:26,368 INFO [django.server] "GET /admin-portal/grading/templates/8/builder/ HTTP/1.1" 200 73304
2026-05-05 21:51:30,090 INFO [django.server] "GET /admin-portal/grading/templates/ HTTP/1.1" 200 73835
2026-05-05 21:51:40,222 INFO [django.server] "GET /admin-portal/grading/templates/6/builder/ HTTP/1.1" 200 122005
2026-05-05 21:51:47,267 INFO [django.server] "GET /admin-portal/grading/components/13/edit/?next=%2Fadmin-portal%2Fgrading%2Ftemplates%2F6%2Fbuilder%2F HTTP/1.1" 200 56448
2026-05-05 21:52:49,155 INFO [django.server] "GET /admin-portal/grading/subcomponents/12/edit/?next=%2Fadmin-portal%2Fgrading%2Ftemplates%2F6%2Fbuilder%2F HTTP/1.1" 200 56187
2026-05-05 21:52:56,043 INFO [django.server] "GET /admin-portal/grading/templates/ HTTP/1.1" 200 73835
2026-05-05 21:53:07,747 INFO [django.server] "GET /admin-portal/grading/templates/9/builder/ HTTP/1.1" 200 120474
2026-05-05 21:53:13,854 INFO [django.server] "GET /admin-portal/grading/periods/20/edit/?next=%2Fadmin-portal%2Fgrading%2Ftemplates%2F9%2Fbuilder%2F HTTP/1.1" 200 54162
2026-05-05 21:54:28,554 INFO [django.server] "GET /admin-portal/grading/templates/ HTTP/1.1" 200 73835
2026-05-05 21:54:45,405 INFO [django.server] "GET /admin-portal/grading/templates/9/edit/?next=%2Fadmin-portal%2Fgrading%2Ftemplates%2F HTTP/1.1" 200 57683
2026-05-05 21:55:03,175 INFO [django.server] "POST /admin-portal/grading/templates/9/edit/?next=%2Fadmin-portal%2Fgrading%2Ftemplates%2F HTTP/1.1" 302 0
2026-05-05 21:55:03,617 INFO [django.server] "GET /admin-portal/grading/templates/ HTTP/1.1" 200 77271
2026-05-05 21:55:34,788 INFO [django.server] "GET /admin-portal/grading/templates/calculator/?grading_template=6&sample_value=85.00 HTTP/1.1" 200 124841
2026-05-05 22:03:09,633 INFO [django.utils.autoreload] D:\edugradespro\apps\grading\services.py changed, reloading.
2026-05-05 22:03:11,360 INFO [django.utils.autoreload] Watching for file changes with StatReloader
2026-05-05 22:03:45,309 INFO [django.utils.autoreload] D:\edugradespro\apps\admin_portal\views.py changed, reloading.
2026-05-05 22:03:46,787 INFO [django.utils.autoreload] Watching for file changes with StatReloader
2026-05-06 06:30:25,413 INFO [django.server] "GET /admin-portal/grading/templates/calculator/?grading_template=6&sample_value=85.00 HTTP/1.1" 302 0
2026-05-06 06:30:25,446 INFO [django.server] "GET /admin-portal/login/ HTTP/1.1" 200 3801
2026-05-06 06:30:25,542 WARNING [django.server] "GET /favicon.ico HTTP/1.1" 404 67210
2026-05-06 06:30:42,820 INFO [django.server] "POST /admin-portal/login/ HTTP/1.1" 302 0
2026-05-06 06:30:43,642 INFO [django.server] "GET /admin-portal/dashboard/ HTTP/1.1" 200 61662
2026-05-06 06:30:43,914 WARNING [django.server] "GET /favicon.ico HTTP/1.1" 404 67210
2026-05-06 06:30:50,297 INFO [django.server] "GET /admin-portal/grading/templates/ HTTP/1.1" 200 73835
2026-05-06 06:30:54,652 INFO [django.server] "GET /admin-portal/grading/templates/calculator/?grading_template=6&sample_value=85.00 HTTP/1.1" 200 126687
2026-05-06 07:03:03,821 INFO [django.server] "GET /admin-portal/grading/templates/calculator/?grading_template=6&sample_value=85.00 HTTP/1.1" 200 130673
2026-05-06 07:03:50,457 INFO [django.server] "GET /faculty/logout/ HTTP/1.1" 302 0
2026-05-06 07:03:50,501 INFO [django.server] "GET /faculty/ HTTP/1.1" 200 27293
2026-05-06 07:03:50,616 INFO [django.server] "GET /static/faculty_portal/css/public_index.css HTTP/1.1" 304 0
2026-05-06 07:03:50,716 INFO [django.server] "GET /static/faculty_portal/js/public_index.js HTTP/1.1" 304 0
2026-05-06 07:03:50,876 INFO [django.server] "GET /media/imahe/techsupp.jpg HTTP/1.1" 200 1100794
2026-05-06 07:03:50,881 INFO [django.server] "GET /media/imahe/facultygrades.jpg HTTP/1.1" 200 4014399
2026-05-06 07:03:50,886 INFO [django.server] "GET /media/imahe/focused.jpg HTTP/1.1" 200 4079113
2026-05-06 07:04:02,145 INFO [django.server] "POST /faculty/login/ HTTP/1.1" 302 0
2026-05-06 07:04:02,788 INFO [django.server] "GET /faculty/dashboard/ HTTP/1.1" 200 43827
2026-05-06 07:04:07,462 INFO [django.server] "GET /faculty/my-courses/ HTTP/1.1" 200 45738
2026-05-06 07:04:13,832 INFO [django.server] "GET /faculty/my-courses/428/grading-template/ HTTP/1.1" 200 32935
2026-05-06 07:06:00,970 INFO [django.server] "POST /admin-portal/grading/templates/calculator/?grading_template=6&sample_value=85.00 HTTP/1.1" 200 101450
2026-05-06 07:09:05,253 INFO [django.utils.autoreload] D:\edugradespro\apps\grading\services.py changed, reloading.
2026-05-06 07:09:07,426 INFO [django.utils.autoreload] Watching for file changes with StatReloader
2026-05-06 07:09:11,016 INFO [django.utils.autoreload] D:\edugradespro\apps\faculty_portal\views.py changed, reloading.
2026-05-06 07:09:12,728 INFO [django.utils.autoreload] Watching for file changes with StatReloader
2026-05-06 07:09:24,968 INFO [django.utils.autoreload] D:\edugradespro\apps\faculty_portal\views.py changed, reloading.
2026-05-06 07:09:26,728 INFO [django.utils.autoreload] Watching for file changes with StatReloader
2026-05-06 07:09:31,308 INFO [django.utils.autoreload] D:\edugradespro\apps\faculty_portal\urls.py changed, reloading.
2026-05-06 07:09:32,592 INFO [django.utils.autoreload] Watching for file changes with StatReloader
2026-05-06 07:15:35,404 INFO [django.server] "GET /faculty/my-courses/428/grading-template/ HTTP/1.1" 200 33078
2026-05-06 07:15:39,958 INFO [django.server] "GET /faculty/my-courses/428/grading-template/calculator/?sample_value=85.00 HTTP/1.1" 200 52760
2026-05-06 07:16:33,534 INFO [django.server] "POST /faculty/my-courses/428/grading-template/calculator/?sample_value=85.00 HTTP/1.1" 200 52756
2026-05-06 07:17:22,612 INFO [django.server] "GET /faculty/my-courses/428/grading-template/ HTTP/1.1" 200 33078
2026-05-06 07:17:37,960 INFO [django.server] "GET /faculty/my-courses/428/grading-template/calculator/?sample_value=85.00 HTTP/1.1" 200 52760
2026-05-06 07:18:58,544 INFO [django.server] "POST /faculty/my-courses/428/grading-template/calculator/?sample_value=85.00 HTTP/1.1" 200 52745
2026-05-06 07:21:53,163 INFO [django.server] "GET /faculty/my-courses/428/grading-template/ HTTP/1.1" 200 33078
2026-05-06 07:21:59,316 INFO [django.server] "GET /faculty/my-courses/ HTTP/1.1" 200 45738
2026-05-06 07:22:02,701 INFO [django.server] "GET /faculty/my-courses/428/grading-template/ HTTP/1.1" 200 33078
2026-05-06 07:22:10,498 INFO [django.server] "GET /faculty/my-courses/ HTTP/1.1" 200 45738
2026-05-06 07:22:13,677 INFO [django.server] "GET /faculty/my-courses/428/periods/?next=%2Ffaculty%2Fmy-courses%2F HTTP/1.1" 200 38170
2026-05-06 07:22:22,479 INFO [django.server] "GET /faculty/my-courses/428/periods/8/activities/?next=%2Ffaculty%2Fmy-courses%2F428%2Fperiods%2F%3Fnext%3D%252Ffaculty%252Fmy-courses%252F HTTP/1.1" 200 32522
2026-05-06 07:22:27,699 INFO [django.server] "GET /faculty/my-courses/428/periods/9/activities/?next=%2Ffaculty%2Fmy-courses%2F428%2Fperiods%2F%3Fnext%3D%252Ffaculty%252Fmy-courses%252F HTTP/1.1" 200 32536
2026-05-06 07:30:03,167 INFO [django.utils.autoreload] D:\edugradespro\apps\admin_portal\data_reset.py changed, reloading.
2026-05-06 07:30:04,615 INFO [django.utils.autoreload] Watching for file changes with StatReloader
2026-05-06 07:30:32,265 INFO [django.utils.autoreload] D:\edugradespro\apps\admin_portal\views.py changed, reloading.
2026-05-06 07:30:34,123 INFO [django.utils.autoreload] Watching for file changes with StatReloader
2026-05-06 07:40:27,212 INFO [django.server] "POST /admin-portal/grading/templates/calculator/?grading_template=6&sample_value=85.00 HTTP/1.1" 200 101450
2026-05-06 07:40:57,871 INFO [django.server] "GET /admin-portal/tools/actual-data-reset/ HTTP/1.1" 200 71846
2026-05-06 07:44:50,287 INFO [django.utils.autoreload] D:\edugradespro\apps\admin_portal\data_reset.py changed, reloading.
2026-05-06 07:44:52,363 INFO [django.utils.autoreload] Watching for file changes with StatReloader
2026-05-06 07:45:16,536 INFO [django.utils.autoreload] D:\edugradespro\apps\admin_portal\views.py changed, reloading.
2026-05-06 07:45:18,641 INFO [django.utils.autoreload] Watching for file changes with StatReloader
